0.01999999,0
0.03999998,0
0.1976095,0
0.265115,0
0.3178872,0
0.3752334,0
0.4204529,0
0.4575599,0
0.4925957,0
0.5267001,0
0.5737625,0
0.6104894,0
0.6458638,0
0.6791555,0
0.7249233,0
0.758912,0
0.7922242,0
0.8235961,0
0.8579705,0
0.9043623,0
0.9396128,0
0.9717821,0
1.010091,0
1.05586,0
1.08827,0.02978149
1.120831,0.05796758
1.154554,0.08548263
1.186644,0.110214
1.230441,0.1418851
1.264368,0.1649109
1.300865,0.1883403
1.332417,0.2075606
1.366683,0.2274286
1.412806,0.2526505
1.446973,0.2702977
1.479616,0.2863959
1.513184,0.3022265
1.54538,0.3167636
1.590321,0.3360714
1.624449,0.3500196
1.658243,0.3632661
1.693499,0.3765216
1.728643,0.3891974
1.776989,0.4058152
1.809835,0.4165987
1.843801,0.427346
1.876342,0.4372777
1.909736,0.4471176
1.954055,0.4596571
1.995106,0.470775
2.02846,0.4794772
2.060214,0.4875
2.103246,0.4979857
2.135643,0.5056013
2.168565,0.5131069
2.201521,0.5203955
2.232057,0.5269569
2.275008,0.5358877
2.30855,0.5426309
2.342288,0.5492187
2.374406,0.5553163
2.413294,0.562482
2.457423,0.5703388
2.49207,0.5763123
2.526103,0.5820203
2.558517,0.5873159
2.591279,0.5925334
2.634319,0.5991907
2.666723,0.6040611
2.698954,0.6087894
2.730576,0.6133199
2.763139,0.6178768
2.805604,0.6236605
2.840291,0.6282567
2.873684,0.6325765
2.904584,0.6364852
2.938503,0.6406811
2.981946,0.645916
3.016813,0.6500083
3.048708,0.6536699
3.079395,0.6571211
3.112332,0.6607497
3.155478,0.6653883
3.189496,0.6689572
3.223946,0.6724946
3.255052,0.6756243
3.286134,0.6786925
3.330262,0.68295
3.363575,0.6860901
3.393909,0.6888958
3.425709,0.6917836
3.458903,0.6947415
3.50343,0.6986212
3.537646,0.7015361
3.57041,0.704275
3.603712,0.7070078
3.634372,0.7094795
3.677713,0.7129032
3.71052,0.7154416
3.746166,0.7181493
3.778804,0.7205837
3.813133,0.7230992
3.858279,0.7263393
3.893916,0.7288437
3.932198,0.7314836
3.965118,0.733713
4.01013,0.7367019
4.045756,0.7390203
4.079807,0.7411986
4.114052,0.7433529
4.148326,0.7454733
4.192918,0.7481803
4.227981,0.7502686
4.259698,0.7521281
4.290828,0.7539265
4.324392,0.7558363
4.37009,0.7583895
4.405714,0.7603431
4.440514,0.7622213
4.475419,0.7640758
4.520518,0.7664295
4.555912,0.7682441
4.588294,0.7698797
4.621054,0.7715111
4.655531,0.7732031
4.699334,0.7753171
4.732708,0.7769016
4.767072,0.7785098
4.800357,0.7800456
4.834417,0.7815953
4.880067,0.7836384
4.91419,0.7851406
4.948269,0.7866204
4.98149,0.7880434
5.015068,0.7894626
5.06152,0.7913948
5.094149,0.792731
5.128368,0.794114
5.162129,0.7954606
5.195373,0.7967693
5.240711,0.7985275
5.275429,0.7998534
5.310463,0.8011738
5.344718,0.8024481
5.381596,0.8038018
5.42754,0.8054627
5.461632,0.806677
5.496592,0.8079066
5.531105,0.8091052
5.565418,0.8102822
5.610452,0.811805
5.64488,0.8129528
5.679905,0.8141062
5.714232,0.8092157
5.751829,0.8039262
5.800274,0.7972117
5.837198,0.7921689
5.871718,0.7875116
5.90296,0.7833436
5.948852,0.7773007
5.986616,0.7723974
6.018964,0.7682462
6.054091,0.7637886
6.098941,0.758172
6.133259,0.7539297
6.168591,0.7496114
6.204113,0.7453195
6.249317,0.7399283
6.284934,0.7357351
6.319747,0.7316821
6.355923,0.7275177
6.402265,0.7222517
6.435296,0.7185445
6.469274,0.7147705
6.50284,0.7110811
6.538497,0.7072033
6.592046,0.7014585
6.62473,0.6979977
6.663352,0.693952
6.699063,0.6902527
6.748289,0.6852176
6.784264,0.6815841
6.818637,0.6781482
6.853373,0.674711
6.900758,0.670078
6.935956,0.6666776
6.969832,0.6634372
7.005759,0.660035
7.053227,0.655593
7.092033,0.6520057
7.123879,0.6490911
7.157475,0.6460444
7.204642,0.6418149
7.239478,0.6387265
7.274835,0.6356221
7.308895,0.6326601
7.355604,0.6286427
7.390988,0.625633
7.427742,0.6225373
7.461216,0.6197444
7.507629,0.615913
7.541914,0.613113
7.579097,0.6101052
7.616302,0.6071249
7.664436,0.603312
7.698832,0.6006166
7.736145,0.5977197
7.770922,0.5950448
7.82286,0.5910941
7.857246,0.5885073
7.892544,0.5858753
7.927039,0.5833258
7.974209,0.5798752
8.009627,0.577311
8.048464,0.5745254
8.083725,0.5720193
8.129771,0.5687794
8.165296,0.5663048
8.200124,0.5638996
8.234601,0.5615386
8.283725,0.5582086
8.325452,0.5554109
8.362239,0.5529675
8.39829,0.5505938
8.44516,0.547538
8.479528,0.5453188
8.515829,0.5429943
8.551008,0.5407603
8.598323,0.5377847
8.634656,0.5355218
8.670591,0.5333023
8.705242,0.5311795
8.753016,0.5282803
8.790827,0.5260081
8.824276,0.5240142
8.860654,0.5218629
8.910058,0.5189693
8.947991,0.5167692
8.983272,0.5147397
9.018488,0.5127296
9.066174,0.5100328
9.102503,0.5079972
9.135317,0.5061725
9.171988,0.5041487
9.224379,0.5012854
9.260523,0.4993289
9.294828,0.4974859
9.330413,0.4955886
9.378854,0.4930289
9.415158,0.4911278
9.453854,0.4891176
9.48982,0.4872638
9.539172,0.4847429
9.57548,0.4829049
9.612766,0.4810318
9.649728,0.4791893
9.69827,0.4767908
9.734747,0.4750043
9.771473,0.473219
9.808511,0.4714321
9.857546,0.469087
9.894998,0.4673115
9.930593,0.4656365
9.966992,0.463936
10.01487,0.4617182
10.05085,0.460065
10.08668,0.4584309
10.12366,0.4567563
10.17147,0.4546095
10.20685,0.4530336
10.24235,0.4514636
10.28048,0.4497888
10.3285,0.4476979
10.36502,0.4461204
10.40096,0.4445788
10.43628,0.4430741
10.4839,0.4410615
10.51976,0.4395583
10.5653,0.4376636
10.60222,0.4361393
10.64785,0.4342705
10.68342,0.4328247
10.71891,0.4313917
10.75395,0.4299859
10.80246,0.428055
10.83838,0.4266362
10.8726,0.4252935
10.90594,0.4239936
10.95156,0.4222271
10.98608,0.4209006
11.02245,0.4195118
11.06053,0.4180675
11.10754,0.4162979
11.14264,0.4149864
11.17458,0.4138004
11.21059,0.4124714
11.25729,0.4107602
11.29303,0.4094602
11.32911,0.408156
11.36362,0.4069165
11.41202,0.4051907
11.4454,0.4040092
11.48049,0.4027743
11.51495,0.4015688
11.56021,0.3999969
11.59745,0.3987122
11.63311,0.3974901
11.66611,0.3963656
11.71189,0.3948165
11.74625,0.3936615
11.78074,0.3925091
11.81514,0.391366
11.85098,0.3901827
11.89852,0.3886237
11.93851,0.3873218
11.97113,0.3862666
12.00572,0.3851537
12.05309,0.3836398
12.08775,0.3825398
12.12409,0.3813933
12.16128,0.380227
12.21252,0.3786315
12.24954,0.3774875
12.28265,0.3764699
12.31687,0.3754238
12.36307,0.3740209
12.39715,0.3729928
12.43268,0.3719269
12.46931,0.3708341
12.51679,0.3694275
12.55205,0.3683898
12.5839,0.3674574
12.62,0.3664062
12.66677,0.3650532
12.70128,0.3640615
12.73709,0.3630378
12.7738,0.3619946
12.82096,0.3606631
12.85834,0.3596145
12.89293,0.3586499
12.92852,0.3576624
12.97648,0.3563406
13.01159,0.3553792
13.0461,0.354439
13.08229,0.3534585
13.13252,0.3521064
13.17125,0.3510711
13.20739,0.3501106
13.24464,0.3491257
13.30359,0.3475789
13.34,0.3466301
13.37833,0.3456369
13.41689,0.3446437
13.46486,0.3434159
13.50231,0.3424634
13.53829,0.3415533
13.57736,0.3405704
13.62734,0.3393213
13.66399,0.3384111
13.70054,0.3375084
13.73704,0.3366115
13.7836,0.3354745
13.82034,0.3345827
13.85874,0.3336557
13.89786,0.3327164
13.9501,0.3314705
13.98697,0.3305966
14.02588,0.3296795
14.062,0.3288328
14.11354,0.3276319
14.1501,0.3267855
14.18715,0.3259319
14.22264,0.3251187
14.2702,0.3240352
14.30683,0.3232055
14.34338,0.3223818
14.38065,0.3215465
14.43071,0.3204309
14.47126,0.3195331
14.50631,0.318761
14.54369,0.3179418
14.59222,0.3168844
14.6298,0.3160704
14.66562,0.3152983
14.70291,0.3144988
14.75032,0.3134879
14.78698,0.3127107
14.82122,0.3119882
14.85892,0.3111966
14.90767,0.3101789
14.94338,0.3094377
14.97942,0.3086933
15.01587,0.307944
15.06391,0.3069619
15.09967,0.3062349
15.1363,0.3054938
15.17846,0.3046454
15.23709,0.3034731
15.27814,0.3026577
15.31926,0.3018453
15.36121,0.301021
15.41534,0.299964
15.4531,0.2992309
15.4898,0.2985219
15.52672,0.2978121
15.57424,0.2969036
15.61283,0.2961696
15.64992,0.2954677
15.68703,0.2947688
15.73461,0.2938774
15.76994,0.2932191
15.80891,0.2924962
15.8451,0.2918281
15.89288,0.2909508
15.92641,0.2903383
15.96291,0.2896743
16.00034,0.2889968
16.05063,0.2880913
16.08791,0.2874237
16.12562,0.2867515
16.16324,0.2860841
16.21251,0.2852148
16.25148,0.2845308
16.28847,0.2838847
16.32749,0.2832062
16.37563,0.2853132
16.41448,0.2870051
16.4512,0.2885965
16.48841,0.2902021
16.53777,0.2923202
16.57718,0.2940026
16.6157,0.2956395
16.65628,0.2973557
16.70547,0.2994245
16.74678,0.3011526
16.78334,0.302675
16.82218,0.3042849
16.87267,0.3063669
16.91741,0.3082011
16.95999,0.3099383
17.00239,0.3116591
17.05838,0.3139184
17.10228,0.3156794
17.14794,0.3175015
17.19147,0.3192299
17.24636,0.3213963
17.29015,0.3231153
17.33385,0.3248217
17.37617,0.3264659
17.43338,0.3286762
17.47738,0.3303665
17.52017,0.3320018
17.56337,0.3336448
17.61813,0.3357158
17.66111,0.3373325
17.70644,0.3390291
17.75033,0.3406633
17.80436,0.3426644
17.84983,0.344339
17.89179,0.3458765
17.93807,0.3475643
17.99345,0.3495722
18.0391,0.3512182
18.08349,0.352811
18.12775,0.3543911
18.18343,0.3563679
18.22531,0.3578471
18.26927,0.3593921
18.31093,0.3608495
18.36355,0.362681
18.40783,0.3642139
18.45261,0.365757
18.49593,0.3672423
18.54982,0.3690805
18.59319,0.3705521
18.63608,0.3720009
18.67989,0.3734737
18.73868,0.3754393
18.78299,0.3769127
18.82755,0.3783874
18.86955,0.3797711
18.92384,0.3815506
18.9681,0.3829935
19.01221,0.3844249
19.05495,0.3858057
19.11268,0.3876608
19.1577,0.3891
19.20235,0.3905205
19.24296,0.3918066
19.29749,0.3935252
19.33837,0.3948075
19.38013,0.3961116
19.42327,0.3974527
19.47561,0.3990721
19.51762,0.4003657
19.55819,0.4016092
19.60089,0.4029128
19.65264,0.4044851
19.69308,0.4057081
19.73163,0.4068692
19.77062,0.408039
19.82445,0.4096464
19.86573,0.4108731
19.90152,0.4119324
19.93989,0.413064
19.99821,0.4147758
20.05913,0.4165533
20.10904,0.4180013
20.1623,0.4195388
20.20091,0.4206483
20.24277,0.4218463
20.28384,0.4230167
20.33224,0.4243903
20.3725,0.4255278
20.41201,0.4266399
20.45542,0.4278565
20.50765,0.4293137
20.55353,0.4305876
20.59854,0.4318317
20.64058,0.4329888
20.69533,0.434489
20.73923,0.4356861
20.78167,0.4368385
20.82158,0.4379178
20.873,0.4393026
20.91923,0.4405417
20.96171,0.4416753
21.00541,0.4428371
21.0599,0.4442788
21.09948,0.4453212
21.14113,0.4464139
21.17723,0.4473576
21.225,0.4486016
21.26085,0.4495312
21.2971,0.4504682
21.33515,0.4514481
21.38295,0.4526746
21.41997,0.4536203
21.45828,0.4545959
21.49576,0.4555467
21.54354,0.4567544
21.57965,0.4576634
21.61676,0.4585944
21.65348,0.4595126
21.70327,0.4607524
21.74107,0.4616899
21.77434,0.4625125
21.81155,0.4634295
21.85827,0.4645763
21.89653,0.4655118
21.93436,0.4664337
21.97074,0.4673172
22.02021,0.4685138
22.05792,0.4694223
22.09513,0.470316
22.13416,0.4712499
22.18141,0.4723765
22.21674,0.4732155
22.2554,0.4741305
22.2912,0.474975
22.33932,0.4761059
22.37553,0.4769539
22.41083,0.4777777
22.44669,0.478612
22.49403,0.4797092
22.53253,0.4805983
22.56843,0.4814244
22.60487,0.4822604
22.65298,0.4833601
22.68875,0.4841745
22.7261,0.4850224
22.76149,0.485823
22.81011,0.4869189
22.84606,0.4877264
22.88472,0.4885918
22.92165,0.4894157
22.96959,0.4904813
23.00631,0.4912946
23.04536,0.4921567
23.08177,0.4929579
23.12971,0.4940087
23.16621,0.4948061
23.20198,0.4955849
23.23557,0.4963141
23.28463,0.4973755
23.32026,0.4981433
23.35844,0.4989637
23.39561,0.4997597
23.44336,0.5007787
23.47915,0.5015397
23.51597,0.5023202
23.55138,0.5030683
23.59915,0.5040742
23.63374,0.5048001
23.67074,0.5055742
23.70864,0.5063645
23.75915,0.507414
23.79741,0.508206
23.83378,0.5089565
23.8715,0.5097324
23.91521,0.5106284
23.95226,0.5113854
23.99006,0.5121553
24.02814,0.5129284
24.07658,0.5139083
24.11221,0.5146266
24.14929,0.5153719
24.18639,0.5161152
24.23517,0.5170894
24.27094,0.517801
24.30978,0.5185714
24.34583,0.5192844
24.39344,0.5202225
24.42925,0.5209259
24.46656,0.5216565
24.50337,0.522375
24.55235,0.5233278
24.59115,0.5240799
24.62906,0.5248123
24.66583,0.5255207
24.71304,0.5264272
24.7503,0.5271401
24.7889,0.5278766
24.82788,0.5286178
24.87712,0.5295509
24.91303,0.5302288
24.95196,0.5309618
24.98649,0.53161
25.04143,0.5326377
25.08713,0.533489
25.13024,0.5342893
25.17407,0.5351001
25.22928,0.5361175
25.27214,0.5369042
25.31466,0.5376819
25.3578,0.5384685
25.43018,0.5397821
25.47436,0.5405803
25.51601,0.5413302
25.57622,0.54241
25.61333,0.5430729
25.65292,0.5437781
25.69242,0.5444796
25.74175,0.5453525
25.77872,0.5460045
25.81774,0.5466906
25.85475,0.5473396
25.90324,0.548187
25.94058,0.5488372
25.97861,0.5494978
26.01567,0.5501395
26.06708,0.5510268
26.10458,0.5516716
26.14169,0.5523081
26.18075,0.5529761
26.22989,0.5538135
26.26728,0.5544487
26.30402,0.5550709
26.34046,0.5556864
26.39445,0.5565954
26.43067,0.5572029
26.46774,0.5578231
26.50576,0.5584574
26.55469,0.5592709
26.59243,0.5598965
26.62697,0.5604674
26.66716,0.5611298
26.71536,0.5619217
26.75143,0.5625122
26.78959,0.5631353
26.82558,0.5637214
26.87561,0.5645337
26.91405,0.5651556
26.9485,0.5657114
26.98765,0.5663416
27.03654,0.5671257
27.07351,0.5677168
27.11094,0.5683137
27.14619,0.5688742
27.19156,0.5695935
27.22943,0.5701922
27.26538,0.5707588
27.30325,0.5713542
27.3527,0.5721291
27.39076,0.5727236
27.42286,0.5732238
27.45906,0.5737864
27.50797,0.5745443
27.54667,0.575142
27.5843,0.5757216
27.61955,0.5762631
27.66708,0.5769911
27.70596,0.5775845
27.74291,0.5781472
27.78053,0.5787184
27.82917,0.5794548
27.86723,0.5800291
27.90538,0.5806033
27.94629,0.5812172
28.02806,0.5824391
28.09046,0.5833666
28.1316,0.5839759
28.18182,0.5847172
28.22615,0.5853694
28.26283,0.5859075
28.30174,0.5864769
28.35156,0.5872036
28.38854,0.5877413
28.4298,0.5883395
28.46745,0.588884
28.51676,0.5895949
28.5551,0.5901458
28.59187,0.590673
28.63384,0.591273
28.68551,0.5920092
28.72465,0.5925651
28.76401,0.5931226
28.80263,0.5936682
28.85083,0.594347
28.89151,0.5949181
28.93104,0.5954717
28.96991,0.5960145
29.02322,0.5967565
29.06199,0.5959603
29.1034,0.5951123
29.14363,0.5942909
29.19314,0.5932829
29.2285,0.5925652
29.26266,0.5918735
29.30011,0.591117
29.34976,0.590117
29.38836,0.589342
29.42865,0.5885351
29.46555,0.5877982
29.51611,0.5867913
29.55236,0.5860715
29.59241,0.5852783
29.62952,0.5845451
29.68088,0.5835336
29.72125,0.582741
29.76211,0.5819411
29.80045,0.5811924
29.85186,0.5801914
29.88861,0.5794781
29.92902,0.5786956
29.96898,0.5779241
30.01922,0.5769569
30.06306,0.5761154
30.09958,0.5754166
30.13898,0.5746641
30.19174,0.5736601
30.23047,0.5729251
30.26917,0.5721925
30.30195,0.5715736
30.34978,0.5706728
30.38892,0.5699378
30.42721,0.5692205
30.46453,0.5685232
30.51582,0.5675678
30.5522,0.5668918
30.59197,0.5661549
30.63032,0.565446
30.6851,0.5644366
30.72552,0.5636941
30.76101,0.5630438
30.79844,0.5623594
30.84878,0.5614417
30.88873,0.5607157
30.94096,0.5597692
30.98515,0.5589707
31.03571,0.5580601
31.072,0.5574084
31.1112,0.5567061
31.15005,0.5560119
31.19957,0.5551292
31.23859,0.5544358
31.27887,0.5537219
31.31927,0.5530076
31.37074,0.5521003
31.40805,0.5514444
31.44821,0.5507402
31.48689,0.5500637
31.53387,0.5492442
31.57194,0.5485818
31.61061,0.5479107
31.6481,0.5472618
31.69617,0.5464317
31.73653,0.5457368
31.7754,0.5450692
31.81382,0.544411
31.86383,0.5435566
31.90374,0.5428767
31.94722,0.5421377
31.98521,0.5414939
32.03585,0.5406379
32.07751,0.5399358
32.11773,0.5392596
32.15646,0.53861
32.20825,0.537744
32.25068,0.5370365
32.29357,0.5363233
32.32993,0.5357201
32.38028,0.536442
32.41878,0.5369926
32.45737,0.5375429
32.495,0.5380786
32.5457,0.5387982
32.58425,0.5393438
32.6236,0.5398995
32.66151,0.5404335
32.70879,0.5410978
32.74807,0.5416483
32.78741,0.5421983
32.8256,0.5427309
32.87543,0.543424
32.91244,0.5439374
32.95195,0.5444844
32.99284,0.545049
33.04281,0.545737
33.08176,0.5462718
33.11879,0.5467792
33.15675,0.5472981
33.21067,0.5480331
33.24613,0.5485152
33.28549,0.5490491
33.32322,0.5495597
33.37368,0.5502408
33.41594,0.5508096
33.45508,0.5513351
33.49669,0.5518924
33.54696,0.5525639
33.58739,0.5531024
33.62625,0.5536188
33.66528,0.5541364
33.71547,0.5548
33.75393,0.5553074
33.79202,0.5558087
33.82822,0.5562841
33.87856,0.5569434
33.91846,0.5574645
33.95998,0.5580056
33.9987,0.5585091
34.04947,0.5591673
34.08907,0.5596794
34.12956,0.5602019
34.16843,0.5607022
34.22209,0.5613909
34.26034,0.5618805
34.29625,0.5623393
34.33392,0.5628196
34.38653,0.5634885
34.42387,0.563962
34.46329,0.5644608
34.50373,0.5649712
34.55538,0.5656215
34.59225,0.5660844
34.62997,0.566557
34.67038,0.5670623
34.72448,0.5677368
34.76508,0.5682415
34.80056,0.5686816
34.83964,0.5691654
34.8904,0.5697922
34.92956,0.5702745
34.96757,0.5707417
35.01054,0.5712685
35.05836,0.5718533
35.10601,0.5724344
35.1477,0.5729416
35.18695,0.573418
35.24255,0.574091
35.28324,0.5745821
35.32807,0.5751219
35.37331,0.5756654
35.44108,0.5764768
35.5093,0.5772904
35.55626,0.5778486
35.60957,0.5784807
35.65383,0.5790039
35.69596,0.5795009
35.73953,0.5800134
35.79131,0.5806211
35.83829,0.5811709
35.88042,0.5816627
35.92117,0.5821372
35.97395,0.5827503
36.01392,0.5832134
36.05689,0.5837101
36.09691,0.5841717
36.14624,0.5847392
36.18506,0.5851847
36.22572,0.5856502
36.26773,0.5861302
36.31923,0.5867171
36.35992,0.5871795
36.39754,0.5876062
36.43866,0.5880716
36.49194,0.588673
36.53432,0.5891501
36.57124,0.5895649
36.60924,0.589991
36.6608,0.5905675
36.7019,0.591026
36.7425,0.591478
36.78357,0.5919341
36.83428,0.5924959
36.87439,0.5929392
36.91122,0.5933454
36.95238,0.5937985
37.00499,0.5943758
37.04496,0.5948136
37.08727,0.5952756
37.13092,0.5957516
37.18081,0.5962939
37.22026,0.5967218
37.26164,0.5971698
37.30133,0.5975984
37.34973,0.5981199
37.38884,0.5985402
37.42978,0.5989794
37.46762,0.5993842
37.51782,0.5999204
37.5563,0.6003303
37.59863,0.6007803
37.64279,0.6012486
37.69524,0.6018035
37.73616,0.6022352
37.77654,0.6026604
37.82372,0.6031561
37.87756,0.6037201
37.91884,0.6041516
37.95823,0.6045624
37.99586,0.6049541
38.04807,0.6054961
38.08807,0.6059104
38.12908,0.6063343
38.1699,0.6067554
38.22044,0.6072753
38.25995,0.6076809
38.30067,0.6080981
38.33923,0.6084922
38.38898,0.6089996
38.43151,0.6094323
38.47155,0.6098388
38.51234,0.610252
38.56109,0.6107448
38.60234,0.6111608
38.64397,0.6115795
38.68254,0.6119668
38.73344,0.6124767
38.77272,0.6128694
38.81228,0.6132639
38.85077,0.613647
38.89714,0.6141077
38.93777,0.6145104
38.97771,0.6149054
39.01727,0.6152958
39.06893,0.6158044
39.10855,0.6161937
39.1498,0.6165981
39.19596,0.6170495
39.24822,0.6175595
39.28725,0.6179394
39.32801,0.6183353
39.36872,0.61873
39.41964,0.6192225
39.45889,0.6196013
39.49953,0.6199927
39.54064,0.6203878
39.5899,0.6208602
39.62848,0.6212292
39.67138,0.6216388
39.70945,0.6220016
39.76437,0.6225237
39.80107,0.6228718
39.83895,0.6232304
39.87801,0.6235995
39.92988,0.6240883
39.97118,0.6244767
40.00709,0.6248137
40.0466,0.6251839
40.09811,0.6256655
40.13676,0.6260259
40.17425,0.6263749
40.21383,0.6267426
40.26673,0.627233
40.30594,0.6275957
40.34478,0.6279542
40.38779,0.6283504
40.4328,0.6287642
40.47104,0.629115
40.51057,0.6294769
40.55762,0.6299068
40.60716,0.6303583
40.64462,0.630699
40.6838,0.6310546
40.72284,0.6314083
40.77465,0.6318766
40.81146,0.6322088
40.85076,0.6325625
40.89392,0.6329504
40.93957,0.6333596
40.97788,0.6337024
41.01664,0.6340485
41.05457,0.6343866
41.10452,0.6348309
41.14823,0.6352188
41.18715,0.6355635
41.22107,0.6358634
41.2764,0.6363515
41.3215,0.6367484
41.36241,0.6371077
41.39826,0.637422
41.4486,0.6378624
41.48712,0.6381986
41.52785,0.6385536
41.569,0.6389114
41.62025,0.6393559
41.6588,0.6396896
41.69884,0.6400356
41.73811,0.6403742
41.78878,0.6408103
41.83035,0.6411673
41.87116,0.641517
41.91258,0.6418713
41.96061,0.6422812
41.99823,0.6426015
42.03745,0.6429349
42.07806,0.6432796
42.13157,0.6437325
42.17117,0.6440671
42.20833,0.6443805
42.24852,0.6447188
42.29783,0.645133
42.33833,0.6454725
42.37839,0.6458076
42.42199,0.6461716
42.47063,0.6465769
42.51046,0.646908
42.54974,0.647234
42.58901,0.6475592
42.64082,0.6479874
42.68254,0.6483316
42.71932,0.6486344
42.75681,0.6489425
42.80853,0.6493666
42.84787,0.6496885
42.88766,0.6500136
42.9288,0.650349
42.98031,0.6507681
43.02085,0.6510972
43.06167,0.6514279
43.1028,0.6517605
43.15102,0.6521497
43.18893,0.652455
43.22768,0.6527665
43.26621,0.6530758
43.31747,0.6534863
43.36042,0.6538295
43.4099,0.654224
43.44688,0.6545184
43.49665,0.6549137
43.53956,0.6552538
43.58376,0.6556033
43.62199,0.6559052
43.67065,0.6562886
43.71161,0.6566107
43.7509,0.6569191
43.79019,0.657227
43.84084,0.657623
43.87989,0.6579277
43.91671,0.6582144
43.95277,0.6584948
44.00591,0.6589072
44.05106,0.6592569
44.09367,0.6595862
44.13498,0.6599048
44.18429,0.6602843
44.22542,0.6606002
44.2616,0.6608777
44.29436,0.6611286
44.34705,0.6615311
44.38655,0.6618323
44.42409,0.6621181
44.46165,0.6624035
44.51247,0.6627889
44.55132,0.663083
44.5868,0.6633511
44.6283,0.663664
44.67952,0.6640496
44.72087,0.6643603
44.75921,0.6646479
44.79821,0.6649398
44.8486,0.6653162
44.88986,0.6656238
44.93653,0.6659712
44.97387,0.6662485
45.02396,0.6666198
45.06247,0.6669047
45.09894,0.667174
45.13754,0.6674587
45.18887,0.6678364
45.23013,0.6681395
45.26962,0.6684289
45.31147,0.6687353
45.362,0.6691042
45.40123,0.6693901
45.44064,0.669677
45.4932,0.6700586
45.54614,0.6704421
45.5874,0.6707403
45.62798,0.6710331
45.66801,0.6713215
45.71895,0.6716877
45.75844,0.671971
45.79782,0.672253
45.83551,0.6725225
45.88663,0.6728874
45.92544,0.6731638
45.96373,0.6734362
46.01498,0.6737999
46.06614,0.6741621
46.10669,0.6744487
46.14715,0.6747342
46.18575,0.675006
46.24043,0.6753904
46.27944,0.6756641
46.32274,0.6759673
46.36438,0.6762583
46.5229,0.6773614
46.60643,0.6779397
46.64963,0.6782379
46.69318,0.678538
46.74259,0.6788778
46.77712,0.6791148
46.81548,0.6793778
46.85576,0.6787936
46.908,0.6780377
46.9479,0.6774615
46.98248,0.6769628
47.02102,0.676408
47.07158,0.6756815
47.10965,0.6751354
47.14888,0.6745736
47.18927,0.6739963
47.24259,0.6732356
47.28234,0.6726696
47.32036,0.6721291
47.36962,0.6714302
47.42194,0.6706893
47.46376,0.6700985
47.50217,0.6695566
47.53798,0.6690523
47.5916,0.6682984
47.64787,0.6675092
47.68579,0.6669784
47.72725,0.6663991
47.78144,0.6656432
47.82237,0.6650736
47.86241,0.6645172
47.89806,0.6640225
47.94967,0.6633079
47.9906,0.6627422
48.03179,0.6621738
48.07234,0.6616153
48.12322,0.6609157
48.16035,0.6604062
48.20017,0.6598606
48.2398,0.6593185
48.28912,0.6586452
48.32898,0.658102
48.36961,0.657549
48.41138,0.6569818
48.46164,0.6563004
48.50107,0.6557668
48.5451,0.655172
48.58495,0.6546347
48.63581,0.6539501
48.67368,0.6534413
48.71127,0.6529371
48.74491,0.6524864
48.79652,0.6517964
48.83538,0.6512777
48.87285,0.6507784
48.90922,0.6502945
48.96101,0.6496065
49.00032,0.6490854
49.04241,0.6485283
49.08227,0.6480017
49.1292,0.6473827
49.16887,0.6468604
49.20735,0.6463546
49.24781,0.6458235
49.30168,0.6451179
49.33821,0.6446402
49.37654,0.6441398
49.4164,0.6436201
49.46513,0.6429862
49.50294,0.642495
49.54057,0.6420071
49.58015,0.6414945
49.63132,0.6408331
49.67281,0.6402978
49.70858,0.6398371
49.74642,0.6393504
49.79626,0.6387105
49.83546,0.638208
49.87671,0.6376803
49.91622,0.6371755
49.96693,0.6365288
50.00317,0.6360676
50.03983,0.6356016
50.08064,0.6350837
50.13352,0.6344137
50.17395,0.6339025
50.21308,0.6334085
50.25418,0.6328905
50.30697,0.6322264
50.34776,0.6317141
50.38807,0.6312088
50.42425,0.6307559
50.47551,0.6301153
50.51439,0.6296303
50.55571,0.6291158
50.59515,0.6286253
50.644,0.6280189
50.68413,0.6275217
50.72705,0.6269909
50.77062,0.6264527
50.82329,0.6258035
50.85986,0.6253535
50.89715,0.6248954
50.93685,0.6244083
50.98877,0.6237725
51.03019,0.6232662
51.06933,0.6227885
51.10711,0.6223282
51.15648,0.6217275
51.19496,0.6212603
51.23202,0.6208108
51.26754,0.6203808
51.31888,0.61976
51.35796,0.6192884
51.3979,0.6188073
51.44108,0.6182879
51.49158,0.6176814
51.52595,0.6172695
51.56415,0.6168122
51.59966,0.6163876
51.64942,0.6157938
51.69112,0.615297
51.7381,0.6147383
51.77769,0.6142683
51.8294,0.6136555
51.86911,0.6131856
51.9054,0.6127569
51.9459,0.6130589
51.99448,0.6134204
52.03501,0.6137214
52.07345,0.6140065
52.11302,0.6142996
52.16183,0.6146605
52.20155,0.6149537
52.23789,0.6152216
52.27819,0.6155182
52.32876,0.6158897
52.37116,0.6162007
52.40421,0.6164427
52.44047,0.616708
52.49026,0.6170715
52.53187,0.6173749
52.56897,0.6176449
52.6081,0.6179293
52.66052,0.6183096
52.7028,0.6186159
52.73931,0.6188799
52.78114,0.6191819
52.82853,0.6195235
52.86836,0.6198102
52.90854,0.6200988
52.94854,0.6203859
53.005,0.6207902
53.04449,0.6210726
53.08725,0.6213777
53.1263,0.6216561
53.17462,0.6219999
53.21174,0.6222636
53.25234,0.6225516
53.28939,0.6228139
53.33998,0.6231717
53.37718,0.6234344
53.41715,0.6237161
53.4567,0.6239945
53.50701,0.624348
53.55245,0.6246668
53.59416,0.6249589
53.63536,0.625247
53.68475,0.6255917
53.72495,0.6258718
53.76808,0.626172
53.80435,0.626424
53.85702,0.6267893
53.8973,0.6270683
53.93696,0.6273425
53.97505,0.6276054
54.02549,0.6279532
54.06736,0.6282413
54.10701,0.6285137
54.1463,0.6287832
54.19993,0.6291506
54.24089,0.6294306
54.27774,0.6296822
54.31756,0.6299537
54.36799,0.6302969
54.40766,0.6305665
54.44584,0.6308255
54.48508,0.6310915
54.53437,0.6314248
54.57552,0.6317028
54.61313,0.6319564
54.65273,0.6322231
54.69776,0.6325258
54.7378,0.6327947
54.7784,0.6330668
54.81912,0.6333393
54.87407,0.6337066
54.91372,0.633971
54.95536,0.6342483
54.99269,0.6344966
55.04394,0.634837
55.08479,0.6351078
55.12606,0.6353809
55.16469,0.6356362
55.21884,0.6359935
55.26036,0.636267
55.30238,0.6365434
55.3434,0.6368128
55.39332,0.6371402
55.43353,0.6374033
55.47345,0.6376643
55.51713,0.6379493
55.56831,0.6382828
55.61024,0.6385556
55.65033,0.6388159
55.69136,0.639082
55.74409,0.6394234
55.78649,0.6396974
55.82816,0.6399664
55.86996,0.6402358
55.92448,0.6405865
55.96726,0.6408612
56.00961,0.6411328
56.05099,0.6413977
56.09767,0.6416961
56.13308,0.6419221
56.17403,0.6421832
56.21381,0.6424363
56.26693,0.642774
56.30895,0.6430405
56.34969,0.6432986
56.3925,0.6435694
56.44401,0.6438946
56.48343,0.6441432
56.5221,0.6443866
56.56182,0.6446363
56.61631,0.6449784
56.65894,0.6452455
56.69993,0.645502
56.74029,0.6457541
56.79229,0.6460785
56.83056,0.6463168
56.87365,0.6465848
56.9226,0.6468887
56.97405,0.6472076
57.01491,0.6474604
57.05417,0.647703
57.09481,0.6479537
57.14752,0.6482785
57.18713,0.6485221
57.22423,0.6487499
57.26306,0.6489881
57.31746,0.6493213
57.35681,0.6495618
57.39837,0.6498156
57.44027,0.6500711
57.49467,0.6504022
57.53878,0.6506701
57.58144,0.6509289
57.62216,0.6511756
57.67532,0.6514971
57.71349,0.6517276
57.75434,0.651974
57.79256,0.6522042
57.84522,0.6525208
57.88295,0.6527472
57.9222,0.6529826
57.96379,0.6532316
58.01443,0.6535343
58.05453,0.6537735
58.09616,0.6540217
58.13484,0.6542518
58.18891,0.6545731
58.22821,0.6548063
58.27236,0.6550678
58.31351,0.6553112
58.36418,0.6556104
58.40222,0.6558347
58.43916,0.6560524
58.48027,0.6562941
58.53244,0.6566005
58.57009,0.6568212
58.61118,0.6570618
58.65121,0.6572959
58.70237,0.6575945
58.74053,0.6578169
58.77868,0.658039
58.82033,0.6582812
58.87266,0.6585849
58.91153,0.6588102
58.9511,0.6590392
58.99308,0.6592818
59.04528,0.6595831
59.08833,0.659831
59.12971,0.6600692
59.17094,0.660306
59.2211,0.6605937
59.26109,0.6608227
59.30289,0.6610618
59.34154,0.6612826
59.39337,0.6615782
59.42942,0.6617835
59.47193,0.6620252
59.50712,0.6622251
59.56334,0.6625439
59.6043,0.6627758
59.64767,0.663021
59.68904,0.6632546
59.7368,0.6635237
59.78099,0.6637725
59.82384,0.6640133
59.86188,0.6642268
59.91341,0.6645156
59.95371,0.6647411
59.99275,0.6649593
60.0355,0.6651978
60.08734,0.6654867
60.12767,0.6657111
60.1667,0.6659279
60.20702,0.6661516
60.25954,0.6664426
60.30212,0.6666782
60.34487,0.6669143
60.38522,0.6671368
60.43737,0.6674241
60.48057,0.6676616
60.52057,0.6678813
60.56385,0.6681187
60.61609,0.6684046
60.6547,0.6686158
60.69684,0.6688458
60.73719,0.6690658
60.78774,0.669341
60.84238,0.669638
60.8818,0.6698518
60.91826,0.6700494
60.96751,0.670316
61.01168,0.6705547
61.05193,0.6707718
61.09312,0.6709939
61.14268,0.6712605
61.18243,0.6714741
61.2205,0.6716784
61.26229,0.6719024
61.31117,0.6721639
61.35227,0.6723835
61.38936,0.6725815
61.43488,0.6728241
61.48832,0.6731084
61.53222,0.6733416
61.57378,0.6735622
61.61283,0.673769
61.66477,0.6740438
61.70645,0.674264
61.74449,0.6744646
61.7816,0.6746602
61.83615,0.6749472
61.87794,0.6751667
61.91857,0.6753799
61.96081,0.6756012
62.01356,0.6758771
62.05628,0.6761003
62.09443,0.6762992
62.13529,0.6765121
62.18813,0.676787
62.229,0.6769992
62.2704,0.677214
62.31155,0.6774272
62.36399,0.6776984
62.40525,0.6779115
62.44767,0.6781303
62.49147,0.6783559
62.53993,0.6786051
62.58197,0.678821
62.6227,0.6790299
62.66386,0.6792407
62.7188,0.6795217
62.76668,0.6797662
62.81136,0.679994
62.85453,0.6802138
62.90966,0.680494
62.95204,0.6807091
62.99603,0.680932
63.03808,0.6811449
63.09702,0.6814427
63.14179,0.6816686
63.18651,0.6818939
63.23062,0.6821159
63.28471,0.6823875
63.33057,0.6826175
63.36927,0.6828113
63.40993,0.6830148
63.46812,0.6833054
63.5178,0.683553
63.56236,0.6837749
63.61636,0.6840433
63.66106,0.6842652
63.70535,0.6844847
63.75028,0.684707
63.80441,0.6849746
63.84868,0.685193
63.89706,0.6854313
63.95318,0.6857073
64.01011,0.6859869
64.0556,0.6862099
64.09992,0.6864269
64.14352,0.68664
64.19555,0.6868939
64.23937,0.6871075
64.28607,0.6873348
64.33336,0.6875647
64.39159,0.6878473
64.43855,0.6880748
64.48502,0.6882995
64.54183,0.6885739
64.58566,0.6887853
64.62882,0.6889931
64.67652,0.6892224
64.73093,0.6894836
64.78043,0.6897209
64.82169,0.6899184
64.86733,0.6901365
64.92686,0.6904206
64.97393,0.6906449
65.0217,0.6908721
65.0795,0.6911467
65.1224,0.6913501
65.16839,0.691568
65.2116,0.6917723
65.2678,0.6920378
65.31214,0.6922468
65.35467,0.6924471
65.39754,0.6926486
65.46265,0.6929544
65.51935,0.6932201
65.56678,0.693442
65.63037,0.693739
65.6832,0.6939854
65.73682,0.6942351
65.80301,0.6945427
65.85563,0.6947868
65.92521,0.695109
65.98402,0.6953807
66.03185,0.6956012
66.08271,0.6958355
66.14162,0.6961064
66.18552,0.696308
66.23237,0.6965227
66.27473,0.6967167
66.33116,0.6969748
66.37656,0.697182
66.41867,0.6973739
66.47392,0.6976255
66.52766,0.6978697
66.57163,0.6980693
66.61416,0.698262
66.66164,0.6984769
66.71897,0.6987361
66.76226,0.6989314
66.80515,0.6991247
66.8468,0.6993122
66.90141,0.6995576
66.9453,0.6997545
66.9897,0.6999535
67.03571,0.7001594
67.09341,0.7004172
67.13959,0.7006233
67.1806,0.7008061
67.22343,0.7009968
67.27883,0.7012429
67.32307,0.7014392
67.36886,0.7016422
67.41461,0.7018447
67.47249,0.7021005
67.51484,0.7022874
67.56425,0.7025051
67.61107,0.7027111
67.67081,0.7029735
67.714,0.703163
67.76446,0.703384
67.8317,0.7036781
67.87847,0.7038823
67.92252,0.7040744
67.97894,0.70432
68.02428,0.7045171
68.07236,0.7047259
68.11581,0.7049142
68.17453,0.7051684
68.217,0.7053519
68.2614,0.7055436
68.30268,0.7057216
68.35629,0.7059523
68.39925,0.7061369
68.44003,0.7063121
68.48357,0.7064988
68.53793,0.7067316
68.58655,0.7069395
68.62594,0.7071076
68.67304,0.7073086
68.72882,0.7075461
68.77476,0.7077414
68.81468,0.7079109
68.862,0.7081116
68.9149,0.7083357
68.95648,0.7085116
68.99639,0.7086802
69.03563,0.7088458
69.08785,0.7090659
69.13232,0.7092531
69.18325,0.7094672
69.22626,0.7096477
69.27886,0.7098681
69.32518,0.7100619
69.36453,0.7102265
69.40826,0.710409
69.46288,0.7106367
69.50411,0.7108083
69.54668,0.7109854
69.5833,0.7111374
69.6348,0.711351
69.68126,0.7115435
69.72576,0.7117275
69.77375,0.7119257
69.83263,0.7121687
69.87805,0.7123558
69.92228,0.7125378
69.96654,0.7127196
70.02055,0.7129412
70.06668,0.7131302
70.10988,0.713307
70.15097,0.7134749
70.20624,0.7137005
70.25047,0.7138807
70.29453,0.7140601
70.33869,0.7142397
70.39162,0.7144545
70.4371,0.7146389
70.48037,0.7148141
70.52353,0.7149885
70.57854,0.7152107
70.62604,0.7154022
70.67457,0.7155976
70.73255,0.7158307
70.78018,0.716022
70.82723,0.7162106
70.88383,0.7164372
70.92941,0.7166195
70.97395,0.7167972
71.01645,0.7169667
71.07669,0.7172067
71.12282,0.7173901
71.16892,0.7175732
71.22871,0.7178102
71.27196,0.7179815
71.31579,0.7181548
71.36504,0.7183493
71.42535,0.7185872
71.47363,0.7187773
71.521,0.7189636
71.57964,0.7191938
71.62366,0.7193665
71.6749,0.7195671
71.73262,0.7197928
71.78021,0.7199786
71.82742,0.7201626
71.88212,0.7203755
71.92886,0.7205572
71.97083,0.7207201
72.01908,0.7209071
72.0793,0.7211403
72.12125,0.7213026
72.16338,0.7214653
72.20586,0.7216291
72.25961,0.7218362
72.30369,0.7220058
72.35158,0.7221898
72.3965,0.7223622
72.45502,0.7225865
72.50024,0.7227595
72.54129,0.7229164
72.57902,0.7230603
72.62728,0.7232444
72.67159,0.7234131
72.71516,0.7235788
72.75948,0.7237471
72.81549,0.7239596
72.85673,0.7241158
72.89365,0.7242556
72.932,0.7244006
72.98566,0.7246032
73.02702,0.7247592
73.06668,0.7249086
73.10869,0.7250667
73.16235,0.7252682
73.20562,0.7254306
73.24318,0.7255715
73.285,0.7257281
73.33854,0.7259284
73.3819,0.7260904
73.41956,0.7262309
73.464,0.7263965
73.51714,0.7265943
73.55835,0.7267475
73.60008,0.7269024
73.64191,0.7270575
73.69292,0.7272464
73.73185,0.7273904
73.77386,0.7275457
73.81543,0.7276992
73.86733,0.7278905
73.90992,0.7280473
73.95531,0.7282141
73.99578,0.7283628
74.0531,0.7285731
74.09765,0.7287363
74.13435,0.7288706
74.17589,0.7290225
74.22568,0.7292043
74.26528,0.7293487
74.30532,0.7294946
74.34692,0.7296459
74.39772,0.7298305
74.43798,0.7299767
74.47868,0.7301242
74.52045,0.7302755
74.57469,0.7304717
74.61646,0.7306226
74.65839,0.730774
74.69863,0.730919
74.7523,0.7311122
74.79093,0.7312511
74.83195,0.7313983
74.86954,0.7315333
74.92462,0.7317307
74.96555,0.7318772
75.00749,0.7320271
75.04982,0.7321782
75.10382,0.7323707
75.14613,0.7325214
75.18591,0.7326629
75.22832,0.7328135
75.28325,0.7330084
75.32235,0.733147
75.36533,0.7332992
75.41003,0.7334573
75.46917,0.7336661
75.51344,0.7338223
75.55273,0.7339607
75.59336,0.7341037
75.6527,0.7343122
75.69405,0.7344574
75.73366,0.7345962
75.77486,0.7347406
75.82883,0.7349293
75.87115,0.7350772
75.91502,0.7352303
75.95872,0.7353826
76.02164,0.7356016
76.06628,0.7357568
76.10812,0.7359021
76.14751,0.7360387
76.2016,0.7362261
76.23828,0.7363531
76.27676,0.7364861
76.31929,0.7366329
76.37401,0.7368217
76.41364,0.7369581
76.45354,0.7370953
76.49699,0.7372447
76.5511,0.7374304
76.59396,0.7375774
76.63442,0.7377159
76.67924,0.7378691
76.7301,0.7380428
76.77567,0.7381984
76.81485,0.7383319
76.85415,0.7384657
76.91432,0.7386703
76.95828,0.7388197
77.00964,0.7389938
77.06216,0.7391716
77.10152,0.7393048
77.1453,0.7394528
77.18431,0.7395844
77.23975,0.7397714
77.28407,0.7399206
77.32489,0.7400578
77.37613,0.74023
77.42921,0.7404081
77.4698,0.740544
77.51061,0.7406806
77.54962,0.7408111
77.60544,0.7409974
77.64819,0.7411401
77.69125,0.7412835
77.72863,0.7414079
77.77685,0.7415683
77.82008,0.7417119
77.86423,0.7418583
77.90549,0.741995
77.95547,0.7421604
77.99941,0.7423057
78.04857,0.742468
78.09412,0.7426182
78.14984,0.7428017
78.19457,0.7429488
78.23695,0.743088
78.28075,0.7432318
78.33685,0.7434157
78.37634,0.7435449
78.41609,0.743675
78.45451,0.7438005
78.51395,0.7439945
78.55375,0.7441241
78.59524,0.7442592
78.63067,0.7443745
78.68378,0.7445469
78.7355,0.7447147
78.7767,0.7448483
78.81489,0.7449719
78.86928,0.7451478
78.9153,0.7452964
78.9581,0.7454345
78.99666,0.7455587
79.05014,0.7457309
79.09348,0.7458702
79.13407,0.7460006
79.17358,0.7461274
79.22855,0.7463035
79.27363,0.7464477
79.31741,0.7465877
79.36101,0.7467269
79.4152,0.7468997
79.45907,0.7470395
79.50053,0.7471715
79.54439,0.7473108
79.59892,0.747484
79.64585,0.7476327
79.68563,0.7477587
79.7277,0.7478918
79.79008,0.748089
79.83311,0.7482248
79.87956,0.7483711
79.93054,0.7485317
79.97311,0.7486656
80.01427,0.7487948
80.05954,0.7489369
80.11003,0.7490951
80.15309,0.74923
80.19515,0.7493615
80.23283,0.7494792
80.28635,0.7496462
80.32748,0.7497743
80.36858,0.7499023
80.40621,0.7500194
80.46259,0.7501945
80.50187,0.7503164
80.53996,0.7504345
80.58195,0.7505645
80.63223,0.75072
80.67659,0.7508572
80.71296,0.7509694
80.75793,0.7511081
80.81109,0.7512719
80.85419,0.7514045
80.89574,0.7515321
80.93793,0.7516617
80.99145,0.7518258
81.03203,0.7519501
81.07602,0.7520847
81.11798,0.752213
81.17221,0.7523786
81.21572,0.7525112
81.25677,0.7526363
81.29855,0.7527634
81.35428,0.7529328
81.39779,0.7530649
81.43735,0.7531848
81.47787,0.7533075
81.53136,0.7534693
81.57537,0.7536023
81.61399,0.753719
81.65671,0.7538478
81.70974,0.7540076
81.7546,0.7541426
81.79578,0.7542664
81.83386,0.7543807
81.88795,0.7545429
81.92553,0.7546554
81.96733,0.7547805
82.00966,0.754907
82.06488,0.755072
82.10802,0.7552007
82.14817,0.7553203
82.18794,0.7554387
82.23868,0.7555897
82.2821,0.7557186
82.32376,0.7558422
82.36468,0.7559636
82.41911,0.7561247
82.46153,0.7562502
82.50424,0.7563763
82.55073,0.7565135
82.60563,0.7566754
82.64879,0.7568024
82.69093,0.7569264
82.73443,0.7570542
82.78349,0.7571982
82.82563,0.7573217
82.86874,0.7574481
82.91103,0.7575718
82.96696,0.7577353
83.01167,0.7578658
83.05599,0.7579949
83.09878,0.7581196
83.15916,0.7582952
83.20177,0.758419
83.23903,0.7585271
83.27665,0.7586362
83.32679,0.7587814
83.36503,0.7588921
83.4037,0.7590039
83.44502,0.7591232
83.50161,0.7592864
83.5461,0.7594146
83.58984,0.7595404
83.6311,0.759659
83.6812,0.7598029
83.72871,0.7599393
83.77335,0.7600672
83.81561,0.7601882
83.87268,0.7603514
83.91467,0.7604712
83.95919,0.7605982
84.00023,0.7607152
84.05493,0.7608709
84.09956,0.7609978
84.1375,0.7611055
84.17867,0.7612224
84.23203,0.7613736
84.27495,0.7614952
84.31848,0.7616183
84.36112,0.7617388
84.41615,0.7618941
84.45708,0.7620095
84.50094,0.762133
84.53989,0.7622426
84.58992,0.7623832
84.63157,0.7625002
84.67513,0.7626224
84.7175,0.7627411
84.77171,0.7628928
84.81262,0.7630072
84.85301,0.76312
84.89766,0.7632446
84.95001,0.7633905
84.99317,0.7635106
85.03463,0.7636259
85.07958,0.7637508
85.13467,0.7639037
85.1769,0.7640207
85.21949,0.7641386
85.26281,0.7642585
85.3171,0.7644085
85.35966,0.7645259
85.39737,0.76463
85.43897,0.7647446
85.49521,0.7648993
85.54956,0.7650487
85.59505,0.7651736
85.64926,0.7653221
85.69212,0.7654396
85.73859,0.7655667
85.78488,0.7656932
85.84299,0.7658518
85.88544,0.7659675
85.93288,0.7660967
85.98461,0.7662374
86.05318,0.7664237
86.09692,0.7665424
86.13938,0.7666575
86.19602,0.7668108
86.2401,0.76693
86.28382,0.7670481
86.32261,0.7671527
86.37832,0.7673029
86.42764,0.7674357
86.47163,0.767554
86.51931,0.7676821
86.5748,0.767831
86.6184,0.7679479
86.66227,0.7680653
86.70702,0.7681851
86.76222,0.7683325
86.80059,0.7684349
86.83919,0.7685379
86.88138,0.7686503
86.93419,0.7687908
86.97805,0.7689074
87.02657,0.7690362
87.07073,0.7691534
87.12167,0.7692884
87.165,0.769403
87.20959,0.7695209
87.2538,0.7696377
87.3088,0.7697828
87.35465,0.7699037
87.40003,0.7700232
87.43835,0.770124
87.49513,0.7702731
87.54076,0.7703928
87.58565,0.7705106
87.63001,0.7706267
87.68502,0.7707706
87.72873,0.7708848
87.77087,0.7709948
87.81107,0.7710996
87.86448,0.7712388
87.90778,0.7713515
87.94915,0.771459
88.0061,0.7716069
88.06283,0.7717541
88.10527,0.771864
88.14626,0.7719701
88.18819,0.7720785
88.24216,0.7722179
88.28746,0.7723348
88.33353,0.7724535
88.37509,0.7725605
88.428,0.7726966
88.47243,0.7728108
88.51281,0.7729144
88.55401,0.7730201
88.60635,0.7731541
88.64932,0.7732641
88.68761,0.773362
88.72704,0.7734627
88.77507,0.7735853
88.82062,0.7737014
88.86385,0.7738115
88.9011,0.7739062
88.95502,0.7740433
88.99775,0.7741518
89.04145,0.7742626
89.08466,0.7743721
89.14127,0.7745154
89.1813,0.7746166
89.22607,0.7747297
89.26878,0.7748375
89.32701,0.7749842
89.37097,0.7750949
89.41467,0.7752049
89.45269,0.7753004
89.50277,0.7754261
89.54794,0.7755394
89.5929,0.7756521
89.63961,0.7757689
89.69728,0.7759131
89.73956,0.7760187
89.78474,0.7761314
89.82642,0.7762353
89.88322,0.7763767
89.9269,0.7764853
89.97163,0.7765964
90.01346,0.7767003
90.07327,0.7761846
90.11562,0.7758198
90.15752,0.7754592
90.20029,0.7750915
90.25452,0.7746258
90.30048,0.7742314
90.35195,0.7737904
90.40717,0.7733179
90.45132,0.7729404
90.49492,0.772568
90.54132,0.772172
90.61591,0.7715364
90.695,0.7708636
90.75334,0.770368
90.79913,0.7699796
90.84353,0.7696033
90.88629,0.7692412
90.94343,0.7687579
90.98901,0.7688737
91.02928,0.768976
91.07285,0.7690865
91.12706,0.7692239
91.17197,0.7693375
91.21332,0.7694421
91.25915,0.7695578
91.31579,0.7697008
91.36105,0.7698149
91.40237,0.769919
91.44188,0.7700183
91.49241,0.7701454
91.53072,0.7702416
91.57363,0.7703493
91.61575,0.7704548
91.67187,0.7705954
91.71591,0.7707055
91.755,0.7708032
91.80052,0.7709168
91.85651,0.7710565
91.9066,0.7711813
91.95164,0.7712933
92.00581,0.771428
92.05006,0.7715379
92.08649,0.7716283
92.12732,0.7717295
92.17849,0.7718562
92.22321,0.7714819
92.26376,0.7711428
92.30959,0.7707599
92.37707,0.770197
92.42236,0.7698195
92.46411,0.7694719
92.5164,0.769037
92.55901,0.768683
92.59823,0.7683575
92.63898,0.7680194
92.69449,0.7675595
92.73663,0.7672108
92.77814,0.7668674
92.82317,0.7664955
92.88811,0.7659596
92.9321,0.765597
92.98158,0.7651896
93.0375,0.7647297
93.08024,0.7643785
93.12699,0.7639948
93.17328,0.7636153
93.229,0.7631588
93.27544,0.7627789
93.3147,0.7624579
93.35622,0.7621189
93.40891,0.7616889
93.45081,0.7613474
93.49609,0.7609788
93.53847,0.760634
93.59434,0.7601799
93.63968,0.7598118
93.67976,0.7594867
93.72098,0.7591527
93.77752,0.758695
93.81989,0.7583523
93.86689,0.7579727
93.90608,0.7576563
93.96056,0.757217
94.00443,0.7568637
94.04673,0.7565233
94.08988,0.7561763
94.14378,0.7557433
94.18615,0.7554034
94.23377,0.7550216
94.27801,0.7546674
94.33957,0.7541749
94.38488,0.7538128
94.43063,0.7534477
94.48256,0.7530335
94.52476,0.7526973
94.56425,0.7523831
94.61263,0.7519983
94.66815,0.7515572
94.71496,0.7511858
94.75518,0.750867
94.79592,0.7505443
94.85032,0.7501138
94.89544,0.7502326
94.93633,0.7503402
94.98163,0.7504593
95.03536,0.7506004
95.08537,0.7507315
95.1301,0.7508488
95.17071,0.750955
95.22791,0.7511047
95.27591,0.7512301
95.32722,0.751364
95.38602,0.7515172
95.43295,0.7516394
95.4733,0.7517444
95.5201,0.751866
95.57147,0.7519994
95.6172,0.752118
95.66106,0.7522317
95.70576,0.7523474
95.76056,0.7524891
95.80437,0.7526023
95.84915,0.7527179
95.89133,0.7528266
95.94706,0.7529702
95.99156,0.7530847
96.03484,0.753196
96.07747,0.7533055
96.12854,0.7534366
96.17485,0.7535553
96.21667,0.7536624
96.2577,0.7537674
96.31432,0.7539122
96.3648,0.7540411
96.4153,0.7541699
96.47801,0.7543297
96.52353,0.7544456
96.5709,0.754566
96.62885,0.7547132
96.67462,0.7548293
96.71968,0.7549435
96.76434,0.7550566
96.82173,0.7552018
96.86282,0.7553057
96.90532,0.755413
96.94857,0.7555221
97.00486,0.755664
97.05437,0.7557886
97.10148,0.7559071
97.15423,0.7560396
97.20128,0.7561577
97.24614,0.7562702
97.29166,0.7563843
97.34892,0.7565275
97.39149,0.7566339
97.43743,0.7567487
97.48415,0.7568653
97.54107,0.7570071
97.58556,0.7571179
97.63363,0.7572375
97.67739,0.7573463
97.7312,0.7574799
97.7763,0.7575917
97.82423,0.7577105
97.86527,0.7578121
97.92294,0.7579547
97.97076,0.7580729
98.01753,0.7581884
98.07688,0.7583347
98.12162,0.7584448
98.16325,0.7585473
98.20473,0.7586493
98.27503,0.7588219
98.31333,0.7589159
98.35486,0.7590177
98.41335,0.7591609
98.45151,0.7592543
98.49754,0.7593668
98.54095,0.7594728
98.59682,0.759609
98.65101,0.7597411
98.69208,0.7598411
98.74533,0.7599706
98.79474,0.7600906
98.83292,0.7601833
98.87659,0.7602893
98.93223,0.7604241
98.97669,0.7605317
99.01875,0.7606334
99.06968,0.7607564
99.12526,0.7608906
99.16592,0.7609887
99.20876,0.7610918
99.2522,0.7611964
99.30492,0.7613232
99.35415,0.7614415
99.39959,0.7615505
99.44613,0.7616621
99.50368,0.7617999
99.55391,0.7619202
99.59472,0.7620177
99.63336,0.76211
99.69361,0.7622538
99.73594,0.7623547
99.77986,0.7624593
99.82063,0.7625563
99.87734,0.7626911
99.91116,0.7627714
99.9547,0.7628747
100.0001,0.7629824
100.0598,0.7631238
100.1073,0.7632361
100.1532,0.7633447
100.2115,0.7634823
100.2558,0.763587
100.2995,0.76369
100.3424,0.763791
100.3961,0.7639173
100.4423,0.7640259
100.4808,0.7641163
100.5328,0.7642384
100.5842,0.7643588
100.6293,0.7644644
100.6788,0.7645801
100.7247,0.7646876
100.7829,0.7648234
100.8274,0.7649271
100.8755,0.7650391
100.9314,0.7651693
100.9792,0.7652805
101.0209,0.7653775
101.0674,0.7654855
101.1249,0.7656188
101.1705,0.7657244
101.2168,0.7658315
101.258,0.7659268
101.3118,0.766051
101.3539,0.7661483
101.3983,0.7662507
101.4476,0.7663643
101.503,0.7664918
101.5459,0.7665905
101.5888,0.7666889
101.6298,0.7667832
101.687,0.7669144
101.7326,0.7670189
101.7765,0.7671192
101.8192,0.767217
101.878,0.7673513
101.922,0.7674518
101.9711,0.7675637
102.0314,0.7677011
102.0793,0.76781
102.1252,0.7679145
102.1834,0.7680467
102.2257,0.7681426
102.2725,0.7682487
102.3146,0.768344
102.3668,0.7684623
102.4115,0.7685633
102.449,0.768648
102.4943,0.7687502
102.5516,0.7688794
102.5922,0.7689709
102.6337,0.7690642
102.6726,0.7691518
102.7267,0.7692733
102.768,0.7693661
102.8126,0.7694662
102.8589,0.76957
102.9279,0.7697244
102.9747,0.769829
103.0333,0.7699599
103.0901,0.7700867
103.1342,0.7701851
103.1726,0.7702705
103.216,0.7703671
103.2842,0.7705188
103.326,0.7706116
103.3765,0.7707238
103.4343,0.7708519
103.4815,0.7709563
103.5338,0.771072
103.5869,0.7711894
103.6337,0.7712927
103.681,0.771397
103.7304,0.771506
103.7896,0.7716362
103.8358,0.7717379
103.8774,0.7718292
103.9222,0.7719276
103.9798,0.7720539
104.0233,0.7721493
104.0692,0.7722497
104.1128,0.7723452
104.1658,0.7724609
104.2058,0.7725483
104.2517,0.7726486
104.296,0.7727451
104.3561,0.7728759
104.3995,0.7729704
104.4469,0.7730733
104.5053,0.7732002
104.5509,0.773299
104.5952,0.7733952
104.6372,0.773486
104.6946,0.7736102
104.7386,0.7737054
104.7839,0.7738032
104.8297,0.773902
104.8882,0.7740281
104.9322,0.7741229
104.9737,0.7742122
105.0173,0.7743061
105.0789,0.7744383
105.1266,0.7745406
105.174,0.7746423
105.2298,0.7747617
105.2765,0.7748616
105.3227,0.7749603
105.3649,0.7750504
105.4215,0.7751712
105.4673,0.7752689
105.5146,0.7753697
105.5669,0.7754809
105.6254,0.7756053
105.6714,0.775703
105.7151,0.7757957
105.759,0.7758888
105.815,0.7760074
105.8635,0.7761101
105.9065,0.7762008
105.9517,0.7762963
106.0191,0.7764387
106.0701,0.7765461
106.115,0.7766405
106.1726,0.7767619
106.2452,0.7769144
106.3158,0.7770624
106.3762,0.7771891
106.4236,0.7772884
106.4753,0.7773964
106.533,0.777517
106.5809,0.777617
106.628,0.7777152
106.6888,0.7778419
106.7377,0.7779437
106.7871,0.7780463
106.8486,0.7781742
106.8958,0.7782721
106.946,0.7783762
106.9967,0.7784812
107.0453,0.7785818
107.093,0.7786803
107.1392,0.7787758
107.1992,0.7788997
107.2515,0.7790076
107.2962,0.7790996
107.3603,0.7792314
107.4068,0.7793269
107.4549,0.7794258
107.518,0.7795552
107.5624,0.7796462
107.6068,0.7797371
107.6642,0.7798546
107.7047,0.7799374
107.7464,0.7800224
107.7921,0.7801157
107.8454,0.7802246
107.8908,0.780317
107.9355,0.7804078
107.976,0.7804903
108.0324,0.780605
108.0756,0.7806926
108.1233,0.7807893
108.1721,0.7808883
108.229,0.7810034
108.2742,0.7810948
108.3215,0.7811903
108.3772,0.7813029
108.4334,0.7814162
108.4875,0.7815253
108.5396,0.78163
108.6029,0.7817573
108.6591,0.7818702
108.7085,0.7819693
108.7735,0.7820996
108.8357,0.7822242
108.8873,0.7823273
108.9444,0.7824414
108.9872,0.7825269
109.0321,0.7826165
109.0779,0.7827078
109.135,0.7828214
109.1815,0.782914
109.2254,0.7830011
109.273,0.7830957
109.33,0.7832087
109.377,0.783302
109.4166,0.7833804
109.4603,0.7834669
109.5183,0.7835814
109.567,0.7836778
109.6151,0.7837727
109.6716,0.783884
109.7187,0.7839768
109.7655,0.7840689
109.8234,0.7841827
109.8707,0.7842756
109.9255,0.7843832
109.9862,0.7845022
110.0356,0.7845989
110.092,0.7847094
110.1508,0.7848243
110.2019,0.7849241
110.2453,0.7850087
110.2999,0.7851151
110.3479,0.7852086
110.3961,0.7853023
110.4507,0.7854084
110.5001,0.7855044
110.5445,0.7855906
110.59,0.7856788
110.6474,0.78579
110.692,0.7858762
110.7396,0.7859684
110.7847,0.7860555
110.8407,0.7861636
110.8851,0.7862491
110.928,0.7863319
110.9738,0.78642
111.0281,0.7865244
111.0789,0.786622
111.126,0.7867125
111.1849,0.7868255
111.2296,0.7869112
111.2766,0.7870013
111.3345,0.7871119
111.381,0.7872009
111.4232,0.7872815
111.4667,0.7873645
111.5252,0.7874759
111.5727,0.7875665
111.6095,0.7876366
111.6553,0.7877237
111.7144,0.7878359
111.7603,0.7879232
111.8049,0.7880077
111.8491,0.7880914
111.9057,0.7881986
111.962,0.7883051
112.0037,0.788384
112.0638,0.7884973
112.1101,0.7885847
112.1568,0.7886727
112.2169,0.7887859
112.2607,0.7888683
112.3162,0.7889728
112.3716,0.7890767
112.4157,0.7891596
112.459,0.7892407
112.5088,0.789334
112.5675,0.7894438
112.6079,0.7895194
112.6553,0.7896079
112.6989,0.7896894
112.7558,0.7897955
112.8043,0.7898859
112.85,0.7899709
112.9071,0.7900772
112.9544,0.790165
112.9983,0.7902465
113.0467,0.7903364
113.1017,0.7904384
113.1491,0.7905261
113.2021,0.7906242
113.2621,0.7907351
113.3077,0.7908193
113.3539,0.7909046
113.4123,0.7910122
113.4516,0.7910846
113.5009,0.7911754
113.55,0.7912657
113.6085,0.7913732
113.657,0.7914622
113.7068,0.7915536
113.7673,0.7916644
113.8184,0.7917578
113.8627,0.791839
113.9176,0.7919392
113.9606,0.7920178
114.0092,0.7921064
114.058,0.7921954
114.1183,0.7923052
114.1674,0.7923945
114.2177,0.792486
114.2772,0.792594
114.3239,0.7926786
114.367,0.7927569
114.4204,0.7928535
114.4788,0.7929592
114.5286,0.7930493
114.5761,0.793135
114.6329,0.7932376
114.6793,0.7933211
114.7269,0.793407
114.7822,0.7935065
114.8385,0.7936077
114.8823,0.7936864
114.946,0.7938007
114.9858,0.7938721
115.0303,0.7939518
115.0759,0.7940335
115.1339,0.7941372
115.1766,0.7942135
115.2201,0.7942912
115.259,0.7943607
115.3106,0.7944527
115.3524,0.7945271
115.3914,0.7945967
115.4435,0.7946894
115.5,0.7947898
115.5467,0.7948726
115.5951,0.7949586
115.65,0.795056
115.6962,0.7951377
115.7453,0.7952246
115.8016,0.7953243
115.8444,0.7953998
115.8954,0.7954898
115.9568,0.7955981
116.002,0.7956777
116.0418,0.7957479
116.088,0.7958292
116.1449,0.7959293
116.1908,0.7960099
116.2387,0.7960939
116.2979,0.7961977
116.3436,0.7962778
116.3848,0.7963499
116.429,0.7964272
116.4919,0.796537
116.5393,0.7966198
116.5899,0.7967081
116.6436,0.7968017
116.6885,0.7968799
116.7376,0.7969654
116.7932,0.7970619
116.8542,0.797168
116.8992,0.797246
116.9489,0.7973321
117.0131,0.7974434
117.0616,0.7975272
117.1081,0.7976076
117.1651,0.7977062
117.211,0.7977854
117.2529,0.7978576
117.299,0.797937
117.358,0.7980387
117.4033,0.7981166
117.4446,0.7981876
117.4914,0.798268
117.5471,0.7983636
117.5885,0.7984344
117.6295,0.7985048
117.6761,0.7985845
117.7271,0.7986718
117.7749,0.7987536
117.8206,0.7988316
117.8662,0.7989095
117.9261,0.7990116
117.9732,0.7990918
118.015,0.799163
118.0557,0.7992322
118.1109,0.7993261
118.1575,0.7994052
118.2036,0.7994834
118.2487,0.7995599
118.3072,0.799659
118.3531,0.7997366
118.4001,0.7998161
118.4552,0.7999094
118.4984,0.7999822
118.5404,0.8000531
118.5864,0.8001308
118.654,0.8002446
118.6998,0.8003216
118.7451,0.8003978
118.8076,0.8005027
118.8542,0.800581
118.907,0.8006696
118.9648,0.8007665
119.0098,0.8008418
119.0591,0.8009242
119.1155,0.8010185
119.1627,0.8010972
119.2086,0.8011739
119.2533,0.8012483
119.3104,0.8013435
119.3557,0.8014188
119.3999,0.8014924
119.4466,0.8015701
119.5026,0.801663
119.5502,0.801742
119.5999,0.8018244
119.6623,0.8019278
119.7085,0.8020043
119.7536,0.8020788
119.8126,0.8021763
119.8592,0.8022531
119.9071,0.8023322
119.9653,0.8024279
120.01,0.8025016
120.0516,0.80257
120.0962,0.8026433
120.1535,0.8027375
120.2113,0.8028324
120.2565,0.8029064
120.3183,0.8030076
120.3661,0.8030859
120.4096,0.8031571
120.4665,0.80325
120.5232,0.8033425
120.5686,0.8034166
120.627,0.8035118
120.6726,0.8035861
120.7222,0.8036667
120.7843,0.8037677
120.8273,0.8038375
120.8757,0.803916
120.9307,0.8040053
120.9788,0.8040832
121.0281,0.804163
121.0976,0.8042754
121.1481,0.804357
121.1944,0.8044318
121.2551,0.8045297
121.3071,0.8046135
121.3533,0.8046878
121.4135,0.8047847
121.4613,0.8048615
121.5109,0.8049411
121.5705,0.8050368
121.6237,0.805122
121.6755,0.805205
121.7373,0.8053038
121.9645,0.8056666
122.028,0.8057677
122.0894,0.8058653
122.1386,0.8059435
122.1995,0.8060403
122.2421,0.8061078
122.2859,0.8061773
122.3359,0.8062565
122.3971,0.8063534
122.4489,0.8064353
122.4944,0.8065072
122.5525,0.8065989
122.6009,0.8066754
122.6441,0.8067434
122.6922,0.8068191
122.7512,0.806912
122.7965,0.8069832
122.8446,0.8070588
122.9137,0.8071673
122.9992,0.8073014
123.0791,0.8074264
123.1323,0.8075095
123.1851,0.8075922
123.2452,0.8076859
123.2904,0.8077565
123.3383,0.8078311
123.404,0.8079334
123.4476,0.8080013
123.5035,0.8080882
123.5638,0.8081819
123.6091,0.8082521
123.6527,0.8083198
123.6945,0.8083845
123.7563,0.8084803
123.8051,0.8085557
123.8498,0.8086247
123.9057,0.8087111
123.9549,0.8087871
123.9986,0.8088544
124.0539,0.8089396
124.1148,0.8090335
124.1612,0.8091048
124.211,0.8091813
124.2721,0.8092752
124.3185,0.8093463
124.3676,0.8094215
124.4288,0.8095153
124.477,0.809589
124.5215,0.8096571
124.5749,0.8097388
124.6243,0.8098142
124.6689,0.8098821
124.7422,0.8099939
124.8058,0.8100907
124.8595,0.8101723
0.01999999,0
0.03999998,0
0.2183322,0
0.4833294,0
0.5534176,0
0.6011122,0
0.6475614,0
0.7070899,0
0.7522201,0
0.8075754,0
0.8738288,0
0.9210016,0
0.9672589,0.04782308
1.03615,0.1111311
1.080528,0.1476376
1.129765,0.1847848
1.196737,0.2304061
1.247434,0.2616828
1.303463,0.2934194
1.357158,0.3213746
1.403021,0.3435583
1.456832,0.3678049
1.516695,0.3927574
1.56712,0.4122966
1.61875,0.4310413
1.678063,0.4511517
1.734585,0.4690363
1.777609,0.4818872
1.840277,0.4995309
1.888785,0.5123839
1.92907,0.5225669
1.988328,0.5367957
2.042569,0.522541
2.098522,0.5086084
2.160895,0.4939277
2.21018,0.4829136
2.258677,0.4725448
2.314445,0.4611584
2.361224,0.4520223
2.406193,0.4435746
2.449378,0.4357538
2.51479,0.4244195
2.566077,0.4159367
2.618422,0.4076219
2.684396,0.3976038
2.726047,0.3915288
2.77277,0.3849312
2.832951,0.3767541
2.878322,0.3708153
2.926715,0.3646839
2.986693,0.3573604
3.030123,0.3522384
3.080371,0.3464926
3.139225,0.3399966
3.195689,0.3339892
3.244958,0.3289182
3.311073,0.3223505
3.36209,0.317459
3.411628,0.3128494
3.473569,0.3072706
3.527967,0.3025329
3.570944,0.2988918
3.629553,0.2940654
3.676382,0.3030574
3.717723,0.3108074
3.768081,0.320018
3.821739,0.3295651
3.865887,0.3372213
3.920797,0.3465034
3.976705,0.3556909
4.023294,0.3631519
4.068539,0.370234
4.120185,0.3781281
4.177418,0.3866481
4.219254,0.3927296
4.266026,0.3993876
4.314413,0.4061237
4.375482,0.4144124
4.420696,0.4204017
4.47169,0.4270114
4.535861,0.4351177
4.586389,0.441341
4.638213,0.447583
4.69461,0.4542193
4.746498,0.4601857
4.789829,0.4650691
4.847076,0.4713869
4.891886,0.476229
4.938463,0.4811689
4.983943,0.4859034
5.03819,0.4914387
5.084603,0.496081
5.12603,0.5001534
5.169322,0.5043396
5.225796,0.5096961
5.273147,0.5140989
5.320792,0.5184499
5.377754,0.5235505
5.420853,0.5273387
5.46979,0.5315675
5.515787,0.5354739
5.578034,0.5406576
5.630219,0.5449152
5.669312,0.5411578
5.720316,0.5363327
5.762087,0.5324446
5.808705,0.5281715
5.850126,0.5244318
5.901808,0.5198393
5.952288,0.5154307
5.999752,0.5113532
6.04816,0.5072604
6.107052,0.5023688
6.153943,0.4985409
6.205551,0.4943948
6.263778,0.489799
6.302682,0.4867757
6.353837,0.4828566
6.401072,0.4792935
6.455628,0.475243
6.504783,0.4716517
6.545616,0.4687095
6.593806,0.465284
6.654737,0.4610238
6.703624,0.4576617
6.743929,0.4549265
6.800255,0.4511584
6.84589,0.448151
6.893641,0.4450467
6.940717,0.4420281
7.001312,0.4382025
7.05137,0.4350916
7.0926,0.4325624
7.148892,0.4291563
7.198887,0.4261759
7.247701,0.4233056
7.305105,0.4199792
7.353151,0.417235
7.402143,0.4144735
7.461985,0.4111496
7.511589,0.4084345
7.564507,0.4055773
7.627357,0.4022353
7.680304,0.3994624
7.738307,0.3964681
7.799711,0.3933469
7.845373,0.3910576
7.889944,0.3888484
7.951263,0.3858497
7.998108,0.3835897
8.04251,0.381472
8.105582,0.3785036
8.155618,0.3761815
8.200539,0.3741208
8.255566,0.3716271
8.303135,0.369498
8.353567,0.3672673
8.416523,0.3645202
8.470314,0.3622052
8.518455,0.3601583
8.579881,0.3575798
8.636786,0.3552239
8.698369,0.3527089
8.761808,0.3501551
8.821923,0.3477691
8.888847,0.3451507
8.944896,0.342988
8.997489,0.3409832
9.050801,0.3389747
9.113561,0.3366404
9.176103,0.3343459
9.219316,0.3327788
9.281825,0.3305376
9.328038,0.3289
9.382203,0.3270012
9.441717,0.3249401
9.504321,0.3227997
9.562758,0.3208271
9.622423,0.3188378
9.674422,0.3171241
9.723279,0.3155306
9.78495,0.3135419
9.83592,0.3119172
9.880136,0.3105212
9.941207,0.3086137
9.99204,0.3070436
10.04792,0.3053359
10.10938,0.3034797
10.155,0.3021165
10.19645,0.3008884
10.24406,0.29949
10.30145,0.2978215
10.35079,0.2964018
10.40172,0.2949503
10.47667,0.2928404
10.52418,0.2915185
10.57565,0.2900995
10.63258,0.2885464
10.68119,0.2872331
10.74019,0.2856552
10.79806,0.2841245
10.84978,0.28277
10.90315,0.2813858
10.95729,0.2799954
11.01502,0.2785281
11.06594,0.2772464
11.12534,0.2757662
11.17636,0.2745073
11.22982,0.2732005
11.29314,0.2716687
11.34418,0.2704464
11.39541,0.2692304
11.45631,0.2677994
11.5068,0.2666244
11.55678,0.2654711
11.61706,0.2640936
11.66686,0.2629665
11.71681,0.2618454
11.77753,0.2604953
11.8307,0.2593246
11.88023,0.2582436
11.94389,0.2568671
11.99246,0.2558268
12.04367,0.254739
12.10708,0.2534047
12.16995,0.2520957
12.2308,0.2508414
12.2918,0.2495966
12.35104,0.2483994
12.4019,0.2473808
12.46283,0.2461715
12.513,0.2451845
12.56331,0.2442025
12.62501,0.2430091
12.67464,0.2420576
12.72587,0.2410831
12.78663,0.2399375
12.83194,0.2390903
12.87517,0.2382876
12.92621,0.2373466
12.99036,0.2361745
13.05453,0.2350136
13.10633,0.2340847
13.16959,0.2329604
13.21909,0.232088
13.27114,0.2311777
13.34004,0.2299837
13.39226,0.229087
13.44967,0.2281091
13.51449,0.2270151
13.56571,0.2261578
13.61706,0.2253051
13.68616,0.2241675
13.74177,0.2232604
13.79424,0.2224111
13.85967,0.2213611
13.91268,0.2205177
13.96326,0.2197189
14.02388,0.2187691
14.07711,0.2179419
14.12279,0.217237
14.18576,0.2162727
14.23468,0.2155294
14.2842,0.2147822
14.34728,0.2138379
14.40031,0.2130505
14.44533,0.2123864
14.5077,0.2114734
14.55862,0.2107338
14.62671,0.2097527
14.69566,0.2087687
14.74623,0.2080526
14.79501,0.2073667
14.85235,0.2065661
14.90182,0.2058804
14.94561,0.2052772
14.9988,0.2045492
15.05426,0.2037956
15.09935,0.203187
15.15539,0.2024357
15.199,0.2018549
15.24667,0.2012238
15.30395,0.2004706
15.37236,0.1995785
15.43708,0.1987417
15.49417,0.1980095
15.56606,0.1970949
15.62841,0.1963086
15.69758,0.1954436
15.7638,0.1946226
15.81874,0.1939467
15.8733,0.1932801
15.93884,0.1924853
15.99128,0.1918541
16.04298,0.1912358
16.10325,0.19052
16.15393,0.1899224
16.20144,0.1893654
16.263,0.1886486
16.31385,0.1880605
16.35838,0.1875487
16.4217,0.1868255
16.46639,0.1863184
16.51561,0.1857632
16.57755,0.1850691
16.63262,0.1844563
16.68569,0.1838696
16.7481,0.1831845
16.79256,0.1826994
16.84116,0.1821723
16.90552,0.1814788
16.9574,0.1809236
17.01092,0.1803542
17.07507,0.1796767
17.12758,0.1791259
17.17884,0.1785914
17.23186,0.1780418
17.28491,0.1774954
17.33029,0.1770307
17.38723,0.1764508
17.43879,0.1759292
17.49125,0.1754015
17.5556,0.1747586
17.60802,0.1742383
17.66758,0.173651
17.72892,0.1730501
17.78027,0.1725503
17.83065,0.1720629
17.89515,0.1714427
17.9556,0.1708654
18.00564,0.1703906
18.08019,0.1696881
18.13335,0.1691906
18.19043,0.1686597
18.24905,0.1681179
18.30483,0.1676056
18.35294,0.1671662
18.41388,0.166613
18.48519,0.1659703
18.53604,0.165515
18.60185,0.1684671
