0.3333333,1,0
0.6666667,1,0
1,1,0
1.333333,1,0
1.666667,1,0
2,1,0
2.333333,1,0
2.666667,1,0
3,1,0
3.333333,1,0
3.666666,1,0
4,1,0
4.333333,1,0
4.666667,1,0
5,1,0
5.333333,1,0
5.666667,1,0
6,1,0
6.333334,1,0
6.666667,1,0
7.000001,1,0
7.333334,1,0
7.666668,1,0
8.000001,1,0
8.333334,1,0
8.666667,1,0
9,1,0
9.333333,1,0
9.666666,1,0
9.999999,1,0
10.33333,1,0
10.66667,1,0
11,1,0
11.33333,1,0
11.66666,1,0
12,1,0
12.33333,1,0
12.66666,1,0
13,1,0
13.33333,1,0
13.66666,1,0
14,1,0
14.33333,1,0
14.66666,1,0
14.99999,1,0
15.33333,1,0
15.66666,1,0
15.99999,1,0
16.33333,1,0
0.3333333,1,0
0.6666667,1,0
1,1,0
1.333333,1,0
1.666667,1,0
2,1,0
2.333333,1,0
2.666667,1,0
3,1,0
3.333333,1,0
3.666666,1,0
4,1,0
4.333333,1,0
4.666667,1,0
5,1,0
5.333333,1,0
5.666667,1,0
6,1,0
6.333334,1,0
6.666667,1,0
7.000001,1,0
7.333334,1,0
7.666668,1,0
8.000001,1,0
8.333334,1,0
8.666667,1,0
9,1,0
9.333333,1,0
9.666666,1,0
9.999999,1,0
10.33333,1,0
10.66667,1,0
11,1,0
11.33333,1,0
11.66666,1,0
12,1,0
12.33333,1,0
12.66666,1,0
13,1,0
13.33333,1,0
13.66666,1,0
14,1,0
14.33333,1,0
14.66666,1,0
14.99999,1,0
15.33333,1,0
15.66666,1,0
15.99999,1,0
16.33333,1,0
16.66666,1,0
16.99999,1,0
0.3333333,1,0
0.6666667,1,0
1,1,0
1.333333,1,0
1.666667,1,0
2,1,0
2.333333,1,0
2.666667,1,0
3,1,0
3.333333,1,0
3.666666,1,0
4,1,0
4.333333,1,0
4.666667,1,0
5,1,0
5.333333,1,0
5.666667,1,0
6,1,0
6.333334,1,0
6.666667,1,0
7.000001,1,0
7.333334,1,0
7.666668,1,0
8.000001,1,0
8.333334,1,0
8.666667,1,0
9,1,0
9.333333,1,0
9.666666,1,0
9.999999,1,0
10.33333,1,0
10.66667,1,0
11,1,0
11.33333,1,0
11.66666,1,0
12,1,0
12.33333,1,0
12.66666,1,0
13,1,0
13.33333,1,0
13.66666,1,0
14,1,0
14.33333,1,0
14.66666,1,0
14.99999,1,0
15.33333,1,0
15.66666,1,0
15.99999,1,0
16.33333,1,0
0.3333333,1,0
0.6666667,1,0
1,1,0
1.333333,1,0
1.666667,1,0
2,1,0
2.333333,1,0
2.666667,1,0
3,1,0
3.333333,1,0
3.666666,1,0
4,1,0
4.333333,1,0
4.666667,1,0
5,1,0
5.333333,1,0
5.666667,1,0
6,1,0
6.333334,1,0
6.666667,1,0
7.000001,1,0
7.333334,1,0
7.666668,1,0
8.000001,1,0
8.333334,1,0
8.666667,1,0
9,1,0
9.333333,1,0
9.666666,1,0
9.999999,1,0
10.33333,1,0
10.66667,1,0
11,1,0
11.33333,1,0
11.66666,1,0
12,1,0
12.33333,1,0
12.66666,1,0
13,1,0
13.33333,1,0
13.66666,1,0
14,1,0
14.33333,1,0
14.66666,1,0
14.99999,1,0
15.33333,1,0
15.66666,1,0
15.99999,1,0
16.33333,1,0
16.66666,1,0
16.99999,1,0
0.3333333,1,0
0.6666667,1,0
1,1,0
1.333333,1,0
1.666667,1,0
2,1,0
2.333333,1,0
2.666667,1,0
3,1,0
3.333333,1,0
3.666666,1,0
4,1,0
4.333333,1,0
4.666667,1,0
5,1,0
5.333333,1,0
5.666667,1,0
6,1,0
6.333334,1,0
6.666667,1,0
7.000001,1,0
7.333334,1,0
7.666668,1,0
8.000001,1,0
8.333334,1,0
8.666667,1,0
9,1,0
9.333333,1,0
9.666666,1,0
9.999999,1,0
10.33333,1,0
10.66667,1,0
11,1,0
11.33333,1,0
11.66666,1,0
12,1,0
12.33333,1,0
12.66666,1,0
13,1,0
13.33333,1,0
13.66666,1,0
14,1,0
14.33333,1,0
14.66666,1,0
14.99999,1,0
15.33333,1,0
15.66666,1,0
15.99999,1,0
16.33333,1,0
16.66666,1,0
16.99999,1,0
0.3333333,1,0
0.6666667,1,0
1,1,0
1.333333,1,0
1.666667,1,0
2,1,0
2.333333,1,0
2.666667,1,0
3,1,0
3.333333,1,0
3.666666,1,0
4,1,0
4.333333,1,0
4.666667,1,0
5,1,0
5.333333,1,0
5.666667,1,0
6,1,0
6.333334,1,0
6.666667,1,0
7.000001,1,0
7.333334,1,0
7.666668,1,0
8.000001,1,0
8.333334,1,0
8.666667,1,0
9,1,0
9.333333,1,0
9.666666,1,0
9.999999,1,0
10.33333,1,0
10.66667,1,0
11,1,0
11.33333,1,0
11.66666,1,0
12,1,0
12.33333,1,0
12.66666,1,0
13,1,0
13.33333,1,0
13.66666,1,0
14,1,0
14.33333,1,0
14.66666,1,0
14.99999,1,0
15.33333,1,0
15.66666,1,0
15.99999,1,0
16.33333,1,0
0.3333333,1,0
0.6666667,1,0
1,1,0
1.333333,1,0
1.666667,1,0
2,1,0
2.333333,1,0
2.666667,1,0
3,1,0
3.333333,1,0
3.666666,1,0
4,1,0
4.333333,1,0
4.666667,1,0
5,1,0
5.333333,1,0
5.666667,1,0
6,1,0
6.333334,1,0
6.666667,1,0
7.000001,1,0
7.333334,1,0
7.666668,1,0
8.000001,1,0
8.333334,1,0
8.666667,1,0
9,1,0
9.333333,1,0
9.666666,1,0
9.999999,1,0
10.33333,1,0
10.66667,1,0
11,1,0
11.33333,1,0
11.66666,1,0
12,1,0
12.33333,1,0
12.66666,1,0
13,1,0
13.33333,1,0
13.66666,1,0
14,1,0
14.33333,1,0
14.66666,1,0
14.99999,1,0
15.33333,1,0
15.66666,1,0
15.99999,1,0
16.33333,1,0
16.66666,1,0
16.99999,1,0
0.3333333,1,0
0.6666667,1,0
1,1,0
1.333333,1,0
1.666667,1,0
2,1,0
2.333333,1,0
2.666667,1,0
3,1,0
3.333333,1,0
3.666666,1,0
4,1,0
4.333333,1,0
4.666667,1,0
5,1,0
5.333333,1,0
5.666667,1,0
6,1,0
6.333334,1,0
6.666667,1,0
7.000001,1,0
7.333334,1,0
7.666668,1,0
8.000001,1,0
8.333334,1,0
8.666667,1,0
9,1,0
9.333333,1,0
9.666666,1,0
9.999999,1,0
10.33333,1,0
10.66667,1,0
11,1,0
11.33333,1,0
11.66666,1,0
12,1,0
12.33333,1,0
12.66666,1,0
13,1,0
13.33333,1,0
13.66666,1,0
14,1,0
14.33333,1,0
14.66666,1,0
14.99999,1,0
15.33333,1,0
15.66666,1,0
15.99999,1,0
16.33333,1,0
16.66666,1,0
0.3333333,1,0
0.6666667,1,0
1,1,0
1.333333,1,0
1.666667,1,0
2,1,0
2.333333,1,0
2.666667,1,0
3,1,0
3.333333,1,0
3.666666,1,0
4,1,0
4.333333,1,0
4.666667,1,0
5,1,0
5.333333,1,0
5.666667,1,0
6,1,0
6.333334,1,0
6.666667,1,0
7.000001,1,0
7.333334,1,0
7.666668,1,0
8.000001,1,0
8.333334,1,0
8.666667,1,0
9,1,0
9.333333,1,0
9.666666,1,0
9.999999,1,0
10.33333,1,0
10.66667,1,0
11,1,0
11.33333,1,0
11.66666,1,0
12,1,0
12.33333,1,0
12.66666,1,0
13,1,0
13.33333,1,0
13.66666,1,0
14,1,0
14.33333,1,0
14.66666,1,0
14.99999,1,0
15.33333,1,0
15.66666,1,0
15.99999,1,0
16.33333,1,0
16.66666,1,0
16.99999,1,0
0.3333333,1,0
0.6666667,1,0
1,1,0
1.333333,1,0
1.666667,1,0
2,1,0
2.333333,1,0
2.666667,1,0
3,1,0
3.333333,1,0
3.666666,1,0
4,1,0
4.333333,1,0
4.666667,1,0
5,1,0
5.333333,1,0
5.666667,1,0
6,1,0
6.333334,1,0
6.666667,1,0
7.000001,1,0
7.333334,1,0
7.666668,1,0
8.000001,1,0
8.333334,1,0
8.666667,1,0
9,1,0
9.333333,1,0
9.666666,1,0
9.999999,1,0
10.33333,1,0
10.66667,1,0
11,1,0
11.33333,1,0
11.66666,1,0
12,1,0
12.33333,1,0
12.66666,1,0
13,1,0
13.33333,1,0
13.66666,1,0
14,1,0
14.33333,1,0
14.66666,1,0
14.99999,1,0
15.33333,1,0
15.66666,1,0
15.99999,1,0
16.33333,1,0
16.66666,1,0
16.99999,1,0
0.3333333,1,0
0.6666667,1,0
1,0.6666667,0.3333333
1.333333,0.5,0.5
1.666667,0.4,0.6
2,0.3333333,0.6666667
2.333333,0.2857143,0.7142858
2.666667,0.25,0.7500001
3,0.2222223,0.7777778
3.333333,0.2,0.8
3.666666,0.1818182,0.8181818
4,0.1666667,0.8333334
4.333333,0.1538462,0.8461538
4.666667,0.1428571,0.8571428
5,0.1333333,0.8666666
5.333333,0.125,0.8749999
5.666667,0.1176471,0.8823529
6,0.1111111,0.8888888
6.333334,0.1052632,0.8947368
6.666667,0.09999999,0.9
7.000001,0.09523808,0.9047619
7.333334,0.09090908,0.9090909
7.666668,0.08695651,0.9130434
8.000001,0.08333333,0.9166667
8.333334,0.08,0.9200001
8.666667,0.07692308,0.923077
9,0.07407407,0.925926
9.333333,0.07142857,0.9285715
9.666666,0.06896552,0.9310346
9.999999,0.06666668,0.9333334
10.33333,0.06451614,0.9354839
10.66667,0.06250001,0.9375001
11,0.06060607,0.939394
11.33333,0.05882354,0.9411765
11.66666,0.05714287,0.9428572
12,0.05555557,0.9444445
12.33333,0.05405407,0.945946
12.66666,0.05263159,0.9473684
13,0.05128207,0.948718
13.33333,0.05000002,0.95
13.66666,0.07317076,0.9268293
14,0.09523813,0.904762
14.33333,0.1162791,0.883721
14.66666,0.1363637,0.8636364
14.99999,0.1333334,0.8444445
15.33333,0.1304348,0.8260871
15.66666,0.1276596,0.8085107
15.99999,0.1250001,0.7916668
16.33333,0.122449,0.7755103
16.66666,0.12,0.7600001
16.99999,0.1176471,0.7450981
17.33333,0.1153846,0.7307692
17.66666,0.1132076,0.7169811
18,0.1111111,0.7037036
18.33333,0.1090909,0.690909
18.66666,0.1071429,0.6785713
19,0.1052632,0.6666666
19.33333,0.1034483,0.6551723
19.66667,0.1016949,0.6440676
20,0.1,0.6333331
20.33333,0.09836065,0.6229506
20.66667,0.09677419,0.612903
21,0.09523809,0.6031744
21.33334,0.09374999,0.5937498
21.66667,0.09230768,0.5846151
22,0.09090908,0.5757573
22.33334,0.08955222,0.5671639
22.66667,0.08823527,0.5588232
23.00001,0.0869565,0.5507243
23.33334,0.08571427,0.5428569
23.66667,0.08450702,0.535211
24.00001,0.08333331,0.5277775
24.33334,0.08219175,0.5205476
24.66668,0.08108106,0.5135132
25.00001,0.07999997,0.5066664
25.33334,0.07894734,0.4999997
25.66668,0.07792205,0.4935062
26.00001,0.07692304,0.4871791
26.33335,0.07594933,0.4810123
26.66668,0.07499997,0.4749996
27.00001,0.07407404,0.4691354
27.33335,0.07317069,0.4634143
27.66668,0.07228912,0.4698791
28.00002,0.07142853,0.4761901
28.33335,0.07058819,0.4823525
28.66668,0.0697674,0.4883716
29.00002,0.06896548,0.4942524
29.33335,0.06818178,0.4999995
29.66669,0.06741569,0.5056175
30.00002,0.07777773,0.4999995
30.33335,0.08791202,0.494505
30.66669,0.09782601,0.4891299
31.00002,0.09677412,0.4838704
31.33335,0.09574461,0.4787229
31.66669,0.09473677,0.4736837
32.00002,0.09374993,0.4687495
32.33335,0.09278344,0.463917
32.66669,0.09183667,0.4591832
33.00002,0.09090903,0.454545
33.33335,0.08999994,0.4499996
33.66668,0.08910886,0.4455442
34.00002,0.08823524,0.4411761
34.33335,0.0873786,0.4368929
34.66668,0.08653843,0.432692
35.00001,0.08571425,0.4285711
35.33334,0.08490563,0.424528
35.66668,0.08411212,0.4205605
36.00001,0.08333331,0.4166664
36.33334,0.08256879,0.4128438
36.66667,0.08181816,0.4090907
37,0.08108106,0.4054052
37.33334,0.08035713,0.4017855
37.66667,0.07964601,0.3982299
38,0.07894737,0.3947367
38.33333,0.07826087,0.3913042
38.66666,0.0775862,0.3879309
39,0.07692308,0.3846153
39.33333,0.07627119,0.3813558
39.66666,0.07563026,0.3781512
39.99999,0.07500001,0.3749999
40.33332,0.07438017,0.3719008
40.66666,0.0737705,0.3688524
40.99999,0.07317074,0.3658536
41.33332,0.07258067,0.3629032
41.66665,0.07200002,0.36
41.99998,0.07142859,0.3571428
42.33332,0.07086616,0.3543307
42.66665,0.07812502,0.3515625
42.99998,0.08527134,0.3488372
43.33331,0.08461542,0.3461539
43.66665,0.0839695,0.3435115
43.99998,0.08333337,0.3409091
44.33331,0.0827068,0.3383459
44.66664,0.08208959,0.335821
44.99997,0.08148152,0.3333334
45.33331,0.08088239,0.3308824
45.66664,0.08029202,0.3284672
45.99997,0.07971019,0.3260871
46.3333,0.07913674,0.3237411
46.66663,0.07857148,0.3214287
46.99997,0.07801423,0.319149
47.3333,0.07746484,0.3169015
47.66663,0.07692312,0.3146854
47.99996,0.07638894,0.3125001
48.33329,0.07586212,0.310345
48.66663,0.07534252,0.3082193
48.99996,0.07482999,0.3061226
49.33329,0.07432438,0.3040542
49.66662,0.07382556,0.3020136
49.99995,0.07333339,0.3000002
50.33329,0.07284774,0.2980134
50.66662,0.07236848,0.2960528
50.99995,0.07189549,0.2941178
51.33328,0.07142863,0.292208
51.66661,0.07096781,0.2903228
51.99995,0.07051288,0.2884617
52.33328,0.07006376,0.2866244
52.66661,0.06962032,0.2848103
52.99994,0.06918246,0.2830191
53.33327,0.06875007,0.2812502
53.66661,0.06832305,0.2795033
53.99994,0.06790131,0.277778
54.33327,0.06748473,0.2760738
54.6666,0.06707324,0.2743905
54.99994,0.06666674,0.2727275
55.33327,0.06626513,0.2710845
55.6666,0.06586833,0.2694613
55.99993,0.06547626,0.2678574
56.33326,0.06508883,0.2662724
56.6666,0.06470595,0.2647061
56.99993,0.06432756,0.2631581
57.33326,0.06395356,0.2616282
57.66659,0.06358389,0.2601158
57.99992,0.06321847,0.2586209
58.33326,0.06285722,0.2628574
58.66659,0.06250007,0.2670457
58.99992,0.06214697,0.2711867
59.33325,0.06179783,0.2752812
59.66658,0.06145259,0.2793299
59.99992,0.06111119,0.2833336
60.33325,0.06077356,0.2872931
60.66658,0.06043964,0.2912091
60.99991,0.06010937,0.2950823
61.33324,0.05978269,0.2989134
61.66658,0.05945954,0.3027031
61.99991,0.05913987,0.306452
62.33324,0.05882361,0.3101609
62.66657,0.05851072,0.3138303
62.9999,0.05820114,0.3174608
63.33324,0.05789482,0.3210531
63.66657,0.05759171,0.3246078
63.9999,0.05729175,0.3281255
64.33324,0.0569949,0.3316067
64.66657,0.05670111,0.3350521
64.99991,0.05641033,0.3384621
65.33324,0.05612252,0.3418373
65.66658,0.05583763,0.3451782
65.99992,0.05555562,0.3484854
66.33325,0.05527644,0.3517593
66.66659,0.05500006,0.3550005
66.99992,0.05472643,0.3582095
67.33326,0.0544555,0.3613867
67.6666,0.05418724,0.3645325
67.99993,0.05392162,0.3676476
68.33327,0.05365858,0.3707322
68.6666,0.0533981,0.3737869
68.99994,0.05314014,0.3768121
69.33327,0.05288465,0.3798082
69.66661,0.05263162,0.3827756
69.99995,0.05238099,0.3857148
70.33328,0.05213273,0.3886261
70.66662,0.05188682,0.3915099
70.99995,0.05164322,0.3943667
71.33329,0.05140189,0.3971967
71.66663,0.05116281,0.4000005
71.99996,0.05092595,0.4027782
72.3333,0.05069126,0.4055304
72.66663,0.05045873,0.4082573
72.99997,0.05022833,0.4109593
73.33331,0.05000001,0.4136368
73.66664,0.04977377,0.41629
73.99998,0.04954956,0.4189193
74.33331,0.04932736,0.4215251
74.66665,0.04910715,0.4241076
74.99998,0.04888889,0.4266671
75.33332,0.04867257,0.4292039
75.66666,0.04845815,0.4317184
75.99999,0.04824561,0.4342108
76.33333,0.04803493,0.4366815
76.66666,0.04782608,0.4391307
77,0.04761904,0.4415586
77.33334,0.04741379,0.4439657
77.66667,0.04721029,0.4463521
78.00001,0.04700854,0.448718
78.33334,0.0468085,0.4510639
78.66668,0.04661016,0.4533899
79.00002,0.04641349,0.4556962
79.33335,0.04621847,0.4579832
79.66669,0.04602509,0.460251
80.00002,0.04583332,0.4624999
80.33336,0.04564314,0.4647302
80.66669,0.04545452,0.466942
81.00003,0.04526747,0.4691356
81.33337,0.04508194,0.4713113
81.6667,0.04489794,0.4734691
82.00004,0.04471542,0.4756095
82.33337,0.04453439,0.4777325
82.66671,0.04435481,0.4798384
83.00005,0.04417668,0.4819274
83.33338,0.04399997,0.4839996
83.66672,0.04382467,0.4860554
84.00005,0.04365076,0.4880948
84.33339,0.04347823,0.4901181
84.66673,0.04330705,0.4921255
85.00006,0.04313722,0.4941171
85.3334,0.04296871,0.4960932
85.66673,0.04280152,0.4980539
86.00007,0.04263562,0.4999994
86.3334,0.042471,0.5019299
86.66674,0.04230765,0.5038455
87.00008,0.04214555,0.5057464
87.33341,0.04198469,0.5076329
87.66675,0.04182505,0.5095049
88.00008,0.04166662,0.5113629
88.33342,0.04150939,0.5132067
88.66676,0.04135334,0.5150368
89.00009,0.04119845,0.516853
89.33343,0.04104473,0.5186558
89.66676,0.04089215,0.5204452
90.0001,0.04074069,0.5222213
90.33344,0.04059036,0.5239843
90.66677,0.04044113,0.5257343
91.00011,0.04029299,0.5274715
91.33344,0.04014593,0.529196
91.66678,0.03999995,0.530908
92.00011,0.03985502,0.5326076
92.33345,0.03971114,0.5342949
92.66679,0.03956829,0.53597
93.00012,0.03942647,0.5376332
93.33346,0.03928566,0.5392845
93.66679,0.03914585,0.540924
94.00013,0.03900703,0.5425519
94.33347,0.0388692,0.5441683
94.6668,0.03873233,0.5457733
95.00014,0.03859643,0.5473671
95.33347,0.03846148,0.5489497
95.66681,0.03832747,0.5505213
96.00014,0.03819438,0.5520819
96.33348,0.03806222,0.5536318
96.66682,0.03793097,0.555171
97.00015,0.03780062,0.5566995
97.33349,0.03767117,0.5582176
97.66682,0.0375426,0.5597254
98.00016,0.0374149,0.5612229
98.3335,0.03728807,0.5627103
98.66683,0.0371621,0.5641876
99.00017,0.03703697,0.5656549
99.3335,0.03691268,0.5671124
99.66684,0.03678923,0.5685602
100.0002,0.0366666,0.5699983
100.3335,0.03654478,0.5714268
100.6668,0.03642377,0.5728459
101.0002,0.03630356,0.5742556
101.3335,0.03618414,0.5756561
101.6669,0.0360655,0.5770473
102.0002,0.03594764,0.5784295
102.3335,0.03583055,0.5798027
102.6669,0.03571421,0.5811669
103.0002,0.03559863,0.5825223
103.3335,0.0354838,0.583869
103.6669,0.0353697,0.585207
104.0002,0.03525634,0.5865365
104.3335,0.0351437,0.5878574
104.6669,0.03503177,0.5891699
105.0002,0.03492056,0.5904741
105.3335,0.03481005,0.5917701
105.6669,0.03470024,0.5930578
106.0002,0.03459112,0.5943375
106.3336,0.03448268,0.5956091
106.6669,0.03437492,0.5968728
107.0002,0.03426784,0.5981286
107.3336,0.03416141,0.5993767
107.6669,0.03405565,0.600617
108.0002,0.03395054,0.6018497
108.3336,0.03384608,0.6030748
108.6669,0.03374225,0.6042923
109.0002,0.03363907,0.6055025
109.3336,0.0335365,0.6067052
109.6669,0.03343457,0.6079006
110.0003,0.03333325,0.6090888
110.3336,0.03323255,0.6102698
110.6669,0.03313245,0.6114437
111.0003,0.03303295,0.6126106
111.3336,0.03293405,0.6137704
111.6669,0.03283574,0.6149234
112.0003,0.03273802,0.6160694
112.3336,0.03264087,0.6172087
112.6669,0.0325443,0.6183412
113.0003,0.0324483,0.619467
113.3336,0.03235286,0.6205863
113.6669,0.03225798,0.6216989
114.0003,0.03216366,0.6228051
114.3336,0.03206989,0.6239048
114.667,0.03197666,0.6249981
115.0003,0.03188397,0.626085
115.3336,0.03179182,0.6271657
115.667,0.03170021,0.6282402
116.0003,0.03160911,0.6293085
116.3336,0.03151854,0.6303706
116.667,0.03142849,0.6314267
117.0003,0.03133895,0.6324768
117.3336,0.03124991,0.6335209
117.667,0.03116139,0.6345591
118.0003,0.03107336,0.6355914
118.3336,0.03098583,0.6366179
118.667,0.03089879,0.6376386
119.0003,0.03081224,0.6386537
119.3337,0.03072617,0.639663
119.667,0.03064058,0.6406668
120.0003,0.03055547,0.6416649
120.3337,0.03047083,0.6426575
120.667,0.03038665,0.6436447
121.0003,0.03030294,0.6446264
121.3337,0.03021969,0.6456027
121.667,0.0301369,0.6465737
122.0003,0.03005456,0.6475393
122.3337,0.02997266,0.6484997
122.667,0.02989122,0.6494548
123.0004,0.02981021,0.6504048
123.3337,0.02972964,0.6513497
123.667,0.02964951,0.6522895
124.0004,0.0295698,0.6532242
124.3337,0.02949053,0.6541539
124.667,0.02941168,0.6550786
125.0004,0.02933325,0.6559984
125.3337,0.02925523,0.6569133
125.667,0.02917763,0.6578233
126.0004,0.02910044,0.6587285
126.3337,0.02902366,0.659629
126.667,0.02894728,0.6605247
127.0004,0.0288713,0.6614158
127.3337,0.02879572,0.6623021
127.6671,0.02872054,0.6631838
128.0004,0.02864574,0.664061
128.3337,0.02857134,0.6649336
128.667,0.02849732,0.6658017
129.0004,0.02842369,0.6666653
129.3337,0.02835043,0.6675245
129.667,0.02827755,0.6683792
130.0004,0.02820505,0.6692296
130.3337,0.02813292,0.6700755
130.667,0.02806115,0.6709172
131.0003,0.02798975,0.6717547
131.3337,0.02791871,0.6725878
131.667,0.02784803,0.6734167
132.0003,0.02777771,0.6742415
132.3336,0.02770774,0.6750621
132.667,0.02763812,0.6758785
133.0003,0.02756886,0.6766909
133.3336,0.02749993,0.6774992
133.667,0.02743136,0.6783035
134.0003,0.02736312,0.6791038
134.3336,0.02729522,0.6799001
134.6669,0.02722766,0.6806925
135.0003,0.02716044,0.6814809
135.3336,0.02709354,0.6822655
135.6669,0.02702697,0.6830462
136.0003,0.02696073,0.6838231
136.3336,0.02689481,0.6845962
136.6669,0.02682922,0.6853656
137.0002,0.02676394,0.6861311
137.3336,0.02669898,0.686893
137.6669,0.02663433,0.6876512
138.0002,0.02657,0.6884056
138.3336,0.02650598,0.6891565
138.6669,0.02644226,0.6899038
139.0002,0.02637885,0.6906475
139.3335,0.02631575,0.6913876
139.6669,0.02625294,0.6921242
140.0002,0.02619044,0.6928573
140.3335,0.02612823,0.6935868
140.6669,0.02606631,0.694313
141.0002,0.02600469,0.6950357
141.3335,0.02594336,0.695755
141.6668,0.02588232,0.6964709
142.0002,0.02582156,0.6971834
142.3335,0.02576109,0.6978927
142.6668,0.0257009,0.6985986
143.0002,0.025641,0.6993012
143.3335,0.02558137,0.7000005
143.6668,0.02552201,0.7006966
144.0001,0.02546294,0.7013895
144.3335,0.02540413,0.7020792
144.6668,0.0253456,0.7027656
145.0001,0.02528733,0.703449
145.3335,0.02522933,0.7041292
145.6668,0.0251716,0.7048063
146.0001,0.02511413,0.7054803
146.3334,0.02505693,0.7061512
146.6668,0.02499998,0.7068191
147.0001,0.02494329,0.7074839
147.3334,0.02488686,0.7081458
147.6667,0.02483068,0.7088047
148.0001,0.02477476,0.7094606
148.3334,0.02471909,0.7101135
148.6667,0.02466366,0.7107635
149.0001,0.02460849,0.7114106
149.3334,0.02455356,0.7120548
149.6667,0.02449888,0.7126961
150,0.02444443,0.7133346
150.3334,0.02439024,0.7139703
150.6667,0.02433627,0.7146031
151,0.02428255,0.7152332
151.3334,0.02422907,0.7158605
151.6667,0.02417582,0.716485
152,0.0241228,0.7171068
152.3333,0.02407002,0.7177259
152.6667,0.02401746,0.7183422
153,0.02396514,0.7189559
153.3333,0.02391304,0.7195669
153.6667,0.02386117,0.7201753
154,0.02380952,0.720781
154.3333,0.0237581,0.7213841
154.6666,0.0237069,0.7219846
155,0.02365592,0.7225825
155.3333,0.02360515,0.7231779
155.6666,0.02355461,0.7237707
156,0.02350428,0.7243609
156.3333,0.02345416,0.7249487
156.6666,0.02340426,0.725534
156.9999,0.02335457,0.7261167
157.3333,0.02330509,0.726697
157.6666,0.02325582,0.7272749
157.9999,0.02320676,0.7278503
158.3333,0.0231579,0.7284233
158.6666,0.02310925,0.7289938
158.9999,0.02306081,0.729562
159.3332,0.02301256,0.7301279
159.6666,0.02296452,0.7306913
159.9999,0.02291668,0.7312524
160.3332,0.02286904,0.7318112
160.6665,0.02282159,0.7323676
160.9999,0.02277434,0.7329218
161.3332,0.02272729,0.7334736
161.6665,0.02268043,0.7340232
161.9999,0.02263376,0.7345705
162.3332,0.02258729,0.7351156
162.6665,0.022541,0.7356584
162.9998,0.02249491,0.736199
163.3332,0.022449,0.7367374
163.6665,0.02240328,0.7372736
163.9998,0.02235774,0.7378077
164.3332,0.02231239,0.7383395
164.6665,0.02226723,0.7388692
164.9998,0.02222225,0.7393969
165.3331,0.02217744,0.7399223
165.6665,0.02213282,0.7404456
165.9998,0.02208838,0.7409669
166.3331,0.02204411,0.741486
166.6665,0.02200003,0.7420031
166.9998,0.02195611,0.7425181
167.3331,0.02191238,0.743031
167.6664,0.02186881,0.743542
167.9998,0.02182542,0.7440508
168.3331,0.02178221,0.7445577
168.6664,0.02173916,0.7450625
168.9998,0.02169628,0.7455654
169.3331,0.02165357,0.7460663
169.6664,0.02161103,0.7465652
169.9997,0.02156866,0.7470622
170.3331,0.02152645,0.7475572
170.6664,0.02148441,0.7480503
170.9997,0.02144253,0.7485415
171.3331,0.02140081,0.7490306
171.6664,0.02135926,0.749518
171.9997,0.02131786,0.7500034
172.333,0.02127663,0.7504869
172.6664,0.02123556,0.7509686
172.9997,0.02119464,0.7514485
173.333,0.02115388,0.7519264
173.6664,0.02111328,0.7524025
173.9997,0.02107283,0.7528769
174.333,0.02103254,0.7533494
174.6663,0.0209924,0.7538201
174.9997,0.02095242,0.754289
175.333,0.02091259,0.7547561
175.6663,0.0208729,0.7552215
175.9996,0.02083337,0.755685
176.333,0.02079399,0.7561469
176.6663,0.02075476,0.756607
176.9996,0.02071567,0.7570654
177.333,0.02067673,0.757522
177.6663,0.02063794,0.7579769
177.9996,0.02059929,0.7584301
178.3329,0.02056079,0.7588817
178.6663,0.02052243,0.7593315
178.9996,0.02048421,0.7597797
179.3329,0.02044614,0.7602262
179.6663,0.02040821,0.760671
179.9996,0.02037041,0.7611142
180.3329,0.02033276,0.7615558
180.6662,0.02029525,0.7619957
180.9996,0.02025787,0.762434
181.3329,0.02022063,0.7628707
181.6662,0.02018353,0.7633058
181.9996,0.02014657,0.7637393
182.3329,0.02010974,0.7641712
182.6662,0.02007304,0.7646015
182.9995,0.02003648,0.7650303
183.3329,0.02000005,0.7654575
183.6662,0.01996375,0.7658832
183.9995,0.01992759,0.7663073
184.3329,0.01989155,0.7667299
184.6662,0.01985564,0.7671509
184.9995,0.01981987,0.7675705
185.3328,0.01978422,0.7679886
185.6662,0.0197487,0.7684051
185.9995,0.01971331,0.7688201
186.3328,0.01967805,0.7692336
186.6662,0.01964291,0.7696458
186.9995,0.0196079,0.7700564
187.3328,0.01957301,0.7704655
187.6661,0.01953824,0.7708732
187.9995,0.0195036,0.7712795
188.3328,0.01946908,0.7716842
188.6661,0.01943468,0.7720876
188.9995,0.01940041,0.7724896
189.3328,0.01936625,0.7728902
189.6661,0.01933222,0.7732893
189.9994,0.0192983,0.773687
190.3328,0.0192645,0.7740833
190.6661,0.01923083,0.7744783
190.9994,0.01919726,0.7748719
191.3327,0.01916382,0.7752641
191.6661,0.01913049,0.7756549
191.9994,0.01909728,0.7760444
192.3327,0.01906418,0.7764325
192.6661,0.0190312,0.7768193
192.9994,0.01899833,0.7772048
193.3327,0.01896558,0.7775889
193.666,0.01893293,0.7779717
193.9994,0.0189004,0.7783532
194.3327,0.01886798,0.7787334
194.666,0.01883568,0.7791122
194.9994,0.01880348,0.7794898
195.3327,0.01877139,0.7798661
195.666,0.01873941,0.7802411
195.9993,0.01870754,0.7806149
196.3327,0.01867578,0.7809873
196.666,0.01864413,0.7813585
196.9993,0.01861258,0.7817284
197.3327,0.01858114,0.7820972
197.666,0.01854981,0.7824646
197.9993,0.01851858,0.7828308
198.3326,0.01848746,0.7831959
198.666,0.01845644,0.7835596
198.9993,0.01842552,0.7839221
199.3326,0.01839471,0.7842835
199.666,0.018364,0.7846436
199.9993,0.0183334,0.7850025
200.3326,0.01830289,0.7853602
200.6659,0.01827249,0.7857168
200.9993,0.01824219,0.7860721
201.3326,0.01821199,0.7864263
201.6659,0.01818188,0.7867793
201.9993,0.01815188,0.7871312
202.3326,0.01812198,0.7874818
202.6659,0.01809217,0.7878314
202.9992,0.01806246,0.7881798
203.3326,0.01803285,0.788527
203.6659,0.01800334,0.7888731
203.9992,0.01797392,0.7892181
204.3326,0.0179446,0.7895619
204.6659,0.01791538,0.7899047
204.9992,0.01788625,0.7902463
205.3325,0.01785721,0.7905868
205.6659,0.01782827,0.7909262
205.9992,0.01779942,0.7912645
206.3325,0.01777067,0.7916017
206.6658,0.017742,0.7919378
206.9992,0.01771343,0.7922729
207.3325,0.01768496,0.7926068
207.6658,0.01765657,0.7929397
207.9992,0.01762827,0.7932715
208.3325,0.01760007,0.7936023
208.6658,0.01757195,0.793932
208.9991,0.01754393,0.7942607
209.3325,0.01751599,0.7945883
209.6658,0.01748815,0.7949148
209.9991,0.01746039,0.7952403
210.3325,0.01743272,0.7955649
210.6658,0.01740513,0.7958884
210.9991,0.01737764,0.7962108
211.3324,0.01735023,0.7965322
211.6658,0.01732291,0.7968526
211.9991,0.01729567,0.7971721
212.3324,0.01726852,0.7974905
212.6658,0.01724145,0.7978079
212.9991,0.01721447,0.7981243
213.3324,0.01718757,0.7984397
213.6657,0.01716076,0.7987542
213.9991,0.01713403,0.7990676
214.3324,0.01710738,0.7993801
214.6657,0.01708082,0.7996916
214.9991,0.01705434,0.8000022
215.3324,0.01702794,0.8003117
215.6657,0.01700162,0.8006204
215.999,0.01697538,0.8009281
216.3324,0.01694923,0.8012348
216.6657,0.01692315,0.8015406
216.999,0.01689715,0.8018454
217.3324,0.01687124,0.8021494
217.6657,0.0168454,0.8024523
217.999,0.01681965,0.8027544
218.3323,0.01679397,0.8030555
218.6657,0.01676837,0.8033558
218.999,0.01674285,0.8036551
219.3323,0.0167174,0.8039535
219.6656,0.01669203,0.804251
219.999,0.01666674,0.8045475
220.3323,0.01664153,0.8048432
220.6656,0.01661639,0.805138
220.999,0.01659133,0.8054319
221.3323,0.01656634,0.8057249
221.6656,0.01654143,0.8060171
221.9989,0.01651659,0.8063083
222.3323,0.01649183,0.8065987
222.6656,0.01646714,0.8068882
222.9989,0.01644253,0.8071769
223.3323,0.01641799,0.8074647
223.6656,0.01639352,0.8077517
223.9989,0.01636912,0.8080377
224.3322,0.0163448,0.808323
224.6656,0.01632055,0.8086073
224.9989,0.01629637,0.8088909
225.3322,0.01627227,0.8091736
225.6656,0.01624823,0.8094555
225.9989,0.01622427,0.8097365
226.3322,0.01620037,0.8100167
226.6655,0.01617655,0.8102961
226.9989,0.0161528,0.8105747
227.3322,0.01612911,0.8108524
227.6655,0.0161055,0.8111293
227.9989,0.01608195,0.8114054
228.3322,0.01605847,0.8116807
228.6655,0.01603507,0.8119553
228.9988,0.01601172,0.812229
229.3322,0.01598845,0.8125019
229.6655,0.01596525,0.8127741
229.9988,0.01594211,0.8130454
230.3322,0.01591904,0.8133159
230.6655,0.01589603,0.8135857
230.9988,0.0158731,0.8138547
231.3321,0.01585022,0.8141229
231.6655,0.01582742,0.8143904
231.9988,0.01580468,0.814657
232.3321,0.015782,0.8149229
232.6655,0.01575939,0.8151881
232.9988,0.01573685,0.8154525
233.3321,0.01571437,0.8157161
233.6654,0.01569195,0.815979
233.9988,0.0156696,0.8162411
234.3321,0.01564731,0.8165025
234.6654,0.01562508,0.8167632
234.9987,0.01560292,0.8170231
235.3321,0.01558082,0.8172823
235.6654,0.01555878,0.8175407
235.9987,0.0155368,0.8177984
236.3321,0.01551489,0.8180554
236.6654,0.01549304,0.8183116
236.9987,0.01547125,0.8185672
237.332,0.01544952,0.818822
237.6654,0.01542785,0.8190761
237.9987,0.01540624,0.8193295
238.332,0.0153847,0.8195822
238.6654,0.01536321,0.8198342
238.9987,0.01534178,0.8200855
239.332,0.01532042,0.820336
239.6653,0.01529911,0.8205859
239.9987,0.01527786,0.8208351
240.332,0.01525667,0.8210835
240.6653,0.01523554,0.8213314
240.9987,0.01521447,0.8215785
241.332,0.01519345,0.8218249
241.6653,0.0151725,0.8220707
241.9986,0.0151516,0.8223158
242.332,0.01513076,0.8225602
242.6653,0.01510997,0.8228039
242.9986,0.01508925,0.823047
243.332,0.01506858,0.8232894
243.6653,0.01504796,0.8235311
243.9986,0.01502741,0.8237722
244.3319,0.01500691,0.8240126
244.6653,0.01498646,0.8242524
244.9986,0.01496607,0.8244914
245.3319,0.01494574,0.8247299
245.6653,0.01492546,0.8249677
245.9986,0.01490523,0.8252049
246.3319,0.01488506,0.8254414
246.6652,0.01486495,0.8256773
246.9986,0.01484489,0.8259126
247.3319,0.01482488,0.8261472
247.6652,0.01480493,0.8263812
247.9986,0.01478503,0.8266146
248.3319,0.01476519,0.8268473
248.6652,0.01474539,0.8270794
248.9985,0.01472565,0.8273109
249.3319,0.01470597,0.8275417
249.6652,0.01468633,0.827772
249.9985,0.01466675,0.8280016
250.3318,0.01464722,0.8282306
250.6652,0.01462775,0.828459
250.9985,0.01460832,0.8286868
251.3318,0.01458894,0.828914
251.6652,0.01456962,0.8291407
251.9985,0.01455035,0.8293667
252.3318,0.01453113,0.829592
252.6651,0.01451196,0.8298169
252.9985,0.01449284,0.8300411
253.3318,0.01447377,0.8302647
253.6651,0.01445475,0.8304878
253.9985,0.01443578,0.8307102
254.3318,0.01441686,0.8309321
254.6651,0.01439799,0.8311534
254.9984,0.01437917,0.8313741
255.3318,0.0143604,0.8315942
255.6651,0.01434168,0.8318138
255.9984,0.014323,0.8320328
256.3318,0.01430438,0.8322512
256.6651,0.0142858,0.832469
256.9984,0.01426727,0.8326862
257.3318,0.01424879,0.8329029
257.6651,0.01423035,0.833119
257.9985,0.01421197,0.8333346
258.3318,0.01419363,0.8335496
258.6652,0.01417534,0.833764
258.9985,0.01415709,0.8339779
259.3318,0.0141389,0.8341913
259.6652,0.01412075,0.8344041
259.9985,0.01410264,0.8346163
260.3319,0.01408458,0.834828
260.6652,0.01406657,0.8350392
260.9986,0.01404861,0.8352498
261.3319,0.01403069,0.8354599
261.6653,0.01401281,0.8356695
261.9986,0.01399498,0.8358785
262.3319,0.0139772,0.836087
262.6653,0.01395946,0.8362949
262.9986,0.01394177,0.8365024
263.332,0.01392412,0.8367093
263.6653,0.01390652,0.8369157
263.9987,0.01388896,0.8371215
264.332,0.01387144,0.8373269
264.6653,0.01385397,0.8375317
264.9987,0.01383654,0.837736
265.332,0.01381916,0.8379398
265.6654,0.01380182,0.8381431
265.9987,0.01378453,0.8383459
266.3321,0.01376727,0.8385482
266.6654,0.01375006,0.8387499
266.9987,0.0137329,0.8389512
267.3321,0.01371577,0.8391519
267.6654,0.01369869,0.8393522
267.9988,0.01368165,0.839552
268.3321,0.01366466,0.8397512
268.6655,0.0136477,0.83995
268.9988,0.01363079,0.8401483
269.3322,0.01361392,0.840346
269.6655,0.01359709,0.8405433
269.9988,0.0135803,0.8407401
270.3322,0.01356356,0.8409365
270.6655,0.01354685,0.8411323
270.9989,0.01353019,0.8413277
271.3322,0.01351357,0.8415226
271.6656,0.01349699,0.841717
271.9989,0.01348045,0.8419109
272.3322,0.01346394,0.8421044
272.6656,0.01344748,0.8422973
272.9989,0.01343106,0.8424898
273.3323,0.01341468,0.8426819
273.6656,0.01339834,0.8428735
273.999,0.01338204,0.8430645
274.3323,0.01336578,0.8432552
274.6656,0.01334956,0.8434454
274.999,0.01333338,0.8436351
275.3323,0.01331724,0.8438243
275.6657,0.01330113,0.8440131
275.999,0.01328507,0.8442014
276.3324,0.01326904,0.8443894
276.6657,0.01325306,0.8445768
276.9991,0.01323711,0.8447638
277.3324,0.0132212,0.8449503
277.6657,0.01320532,0.8451364
277.9991,0.01318949,0.845322
278.3324,0.01317369,0.8455072
278.6658,0.01315794,0.845692
278.9991,0.01314222,0.8458763
279.3325,0.01312653,0.8460602
279.6658,0.01311089,0.8462436
279.9991,0.01309528,0.8464266
280.3325,0.0130797,0.8466091
280.6658,0.01306417,0.8467913
280.9992,0.01304867,0.8469729
281.3325,0.01303321,0.8471542
281.6659,0.01301779,0.847335
281.9992,0.0130024,0.8475155
282.3326,0.01298705,0.8476955
282.6659,0.01297173,0.847875
282.9992,0.01295645,0.8480541
283.3326,0.01294121,0.8482329
283.6659,0.012926,0.8484111
283.9993,0.01291083,0.848589
284.3326,0.01289569,0.8487664
284.666,0.01288059,0.8489435
284.9993,0.01286553,0.8491201
285.3326,0.0128505,0.8492963
285.666,0.0128355,0.8494722
285.9993,0.01282054,0.8496475
286.3327,0.01280562,0.8498225
286.666,0.01279073,0.8499971
286.9994,0.01277587,0.8501713
287.3327,0.01276105,0.850345
287.666,0.01274626,0.8505184
287.9994,0.01273151,0.8506914
288.3327,0.01271679,0.8508639
288.6661,0.0127021,0.8510361
288.9994,0.01268745,0.8512079
289.3328,0.01267284,0.8513792
289.6661,0.01265825,0.8515502
289.9995,0.0126437,0.8517208
290.3328,0.01262918,0.851891
290.6661,0.0126147,0.8520608
290.9995,0.01260025,0.8522302
291.3328,0.01258583,0.8523992
291.6662,0.01257145,0.8525679
291.9995,0.0125571,0.8527361
292.3329,0.01254278,0.852904
292.6662,0.01252849,0.8530715
292.9995,0.01251424,0.8532386
293.3329,0.01250002,0.8534054
293.6662,0.01248583,0.8535717
293.9996,0.01247167,0.8537377
294.3329,0.01245755,0.8539032
294.6663,0.01244345,0.8540685
294.9996,0.01242939,0.8542333
295.3329,0.01241536,0.8543978
295.6663,0.01240137,0.8545619
295.9996,0.0123874,0.8547257
296.333,0.01237347,0.854889
296.6663,0.01235956,0.855052
296.9997,0.01234569,0.8552147
297.333,0.01233185,0.8553769
297.6664,0.01231804,0.8555388
297.9997,0.01230426,0.8557004
298.333,0.01229051,0.8558615
298.6664,0.0122768,0.8560224
298.9997,0.01226311,0.8561828
299.3331,0.01224945,0.8563429
299.6664,0.01223583,0.8565027
299.9998,0.01222223,0.8566622
300.3331,0.01220866,0.8568212
300.6664,0.01219513,0.85698
300.9998,0.01218162,0.8571384
301.3331,0.01216815,0.8572964
301.6665,0.0121547,0.8574541
301.9998,0.01214129,0.8576115
302.3332,0.0121279,0.8577685
302.6665,0.01211454,0.8579251
302.9998,0.01210122,0.8580814
303.3332,0.01208792,0.8582374
303.6665,0.01207465,0.858393
303.9999,0.01206141,0.8585483
304.3332,0.0120482,0.8587032
304.6666,0.01203501,0.8588578
304.9999,0.01202186,0.8590121
305.3333,0.01200874,0.859166
305.6666,0.01199564,0.8593196
305.9999,0.01198257,0.8594728
306.3333,0.01196953,0.8596257
306.6666,0.01195652,0.8597783
307,0.01194354,0.8599306
307.3333,0.01193058,0.8600825
307.6667,0.01191766,0.8602341
308,0.01190476,0.8603854
308.3333,0.01189189,0.8605363
308.6667,0.01187905,0.8606869
309,0.01186623,0.8608372
309.3334,0.01185345,0.8609871
309.6667,0.01184069,0.8611368
310.0001,0.01182795,0.8612861
310.3334,0.01181525,0.8614351
310.6667,0.01180257,0.8615838
311.0001,0.01178992,0.8617322
311.3334,0.0117773,0.8618802
311.6668,0.0117647,0.8620279
312.0001,0.01175213,0.8621753
312.3335,0.01173959,0.8623224
312.6668,0.01172707,0.8624692
313.0002,0.01171458,0.8626157
313.3335,0.01170212,0.8627619
313.6668,0.01168968,0.8629077
314.0002,0.01167727,0.8630532
314.3335,0.01166489,0.8631985
314.6669,0.01165253,0.8633434
315.0002,0.0116402,0.863488
315.3336,0.0116279,0.8636323
315.6669,0.01161562,0.8637763
316.0002,0.01160337,0.86392
316.3336,0.01159114,0.8640634
316.6669,0.01157894,0.8642065
317.0003,0.01156676,0.8643493
317.3336,0.01155461,0.8644918
317.667,0.01154249,0.864634
318.0003,0.01153039,0.8647759
318.3336,0.01151831,0.8649175
318.667,0.01150626,0.8650588
319.0003,0.01149424,0.8651998
319.3337,0.01148224,0.8653405
319.667,0.01147027,0.8654809
320.0004,0.01145832,0.865621
320.3337,0.01144639,0.8657609
320.6671,0.0114345,0.8659005
321.0004,0.01142262,0.8660397
321.3337,0.01141077,0.8661786
321.6671,0.01139895,0.8663173
322.0004,0.01138715,0.8664557
322.3338,0.01137537,0.8665938
322.6671,0.01136362,0.8667316
323.0005,0.01135189,0.8668692
323.3338,0.01134019,0.8670064
323.6671,0.01132851,0.8671434
324.0005,0.01131685,0.8672801
324.3338,0.01130522,0.8674165
324.6672,0.01129362,0.8675526
325.0005,0.01128203,0.8676885
325.3339,0.01127047,0.8678241
325.6672,0.01125894,0.8679593
326.0005,0.01124742,0.8680944
326.3339,0.01123593,0.8682291
326.6672,0.01122447,0.8683636
327.0006,0.01121303,0.8684977
327.3339,0.01120161,0.8686317
327.6673,0.01119021,0.8687653
328.0006,0.01117884,0.8688987
328.334,0.01116749,0.8690318
328.6673,0.01115616,0.8691646
329.0006,0.01114486,0.8692972
329.334,0.01113358,0.8694295
329.6673,0.01112232,0.8695615
330.0007,0.01111109,0.8696933
330.334,0.01109987,0.8698248
330.6674,0.01108869,0.869956
331.0007,0.01107752,0.870087
331.334,0.01106637,0.8702176
331.6674,0.01105525,0.8703481
332.0007,0.01104415,0.8704783
332.3341,0.01103307,0.8706082
332.6674,0.01102202,0.8707379
333.0008,0.01101098,0.8708673
333.3341,0.01099997,0.8709964
333.6674,0.01098898,0.8711252
334.0008,0.01097802,0.8712538
334.3341,0.01096707,0.8713822
334.6675,0.01095615,0.8715103
335.0008,0.01094525,0.8716382
335.3342,0.01093436,0.8717658
335.6675,0.01092351,0.8718931
336.0009,0.01091267,0.8720202
336.3342,0.01090185,0.8721471
336.6675,0.01089106,0.8722737
337.0009,0.01088029,0.8724
337.3342,0.01086954,0.8725261
337.6676,0.0108588,0.8726519
338.0009,0.0108481,0.8727775
338.3343,0.01083741,0.8729029
338.6676,0.01082674,0.873028
339.0009,0.01081609,0.8731529
339.3343,0.01080547,0.8732774
339.6676,0.01079486,0.8734018
340.001,0.01078428,0.8735259
340.3343,0.01077372,0.8736498
340.6677,0.01076318,0.8737734
341.001,0.01075266,0.8738968
341.3344,0.01074215,0.87402
341.6677,0.01073167,0.8741429
342.001,0.01072121,0.8742656
342.3344,0.01071077,0.874388
342.6677,0.01070036,0.8745102
343.0011,0.01068996,0.8746321
343.3344,0.01067958,0.8747538
343.6678,0.01066922,0.8748753
344.0011,0.01065888,0.8749966
344.3344,0.01064856,0.8751176
344.6678,0.01063826,0.8752384
345.0011,0.01062798,0.8753589
345.3345,0.01061772,0.8754792
345.6678,0.01060749,0.8755993
346.0012,0.01059727,0.8757192
346.3345,0.01058707,0.8758388
346.6678,0.01057689,0.8759582
347.0012,0.01056673,0.8760774
347.3345,0.01055658,0.8761963
347.6679,0.01054646,0.876315
348.0012,0.01053636,0.8764334
348.3346,0.01052628,0.8765517
348.6679,0.01051621,0.8766697
349.0013,0.01050617,0.8767875
349.3346,0.01049614,0.8769051
349.6679,0.01048614,0.8770224
350.0013,0.01047615,0.8771396
350.3346,0.01046618,0.8772565
350.668,0.01045623,0.8773732
351.0013,0.0104463,0.8774896
351.3347,0.01043639,0.8776059
351.668,0.0104265,0.8777218
352.0013,0.01041663,0.8778377
352.3347,0.01040677,0.8779532
352.668,0.01039693,0.8780686
353.0014,0.01038712,0.8781837
353.3347,0.01037732,0.8782986
353.6681,0.01036754,0.8784134
354.0014,0.01035777,0.8785278
354.3347,0.01034803,0.8786421
354.6681,0.0103383,0.8787562
355.0014,0.0103286,0.87887
355.3348,0.01031891,0.8789837
355.6681,0.01030924,0.8790971
356.0015,0.01029958,0.8792103
356.3348,0.01028995,0.8793233
356.6682,0.01028033,0.8794361
357.0015,0.01027073,0.8795487
357.3348,0.01026115,0.879661
357.6682,0.01025159,0.8797731
358.0015,0.01024204,0.8798851
358.3349,0.01023251,0.8799968
358.6682,0.010223,0.8801084
359.0016,0.01021351,0.8802197
359.3349,0.01020404,0.8803308
359.6682,0.01019458,0.8804417
360.0016,0.01018514,0.8805524
360.3349,0.01017572,0.8806629
360.6683,0.01016631,0.8807732
361.0016,0.01015692,0.8808833
361.335,0.01014755,0.8809932
361.6683,0.0101382,0.8811029
362.0016,0.01012887,0.8812124
362.335,0.01011955,0.8813217
362.6683,0.01011025,0.8814307
363.0017,0.01010096,0.8815396
363.335,0.0100917,0.8816483
363.6684,0.01008245,0.8817568
364.0017,0.01007321,0.8818651
364.3351,0.010064,0.8819731
364.6684,0.0100548,0.882081
365.0017,0.01004561,0.8821887
365.3351,0.01003645,0.8822963
365.6684,0.0100273,0.8824036
366.0018,0.01001817,0.8825107
366.3351,0.01000905,0.8826175
366.6685,0.00999995,0.8827243
367.0018,0.009990867,0.8828308
367.3351,0.009981801,0.8829371
367.6685,0.009972751,0.8830432
368.0018,0.009963717,0.8831492
368.3352,0.0099547,0.8832549
368.6685,0.009945699,0.8833605
369.0019,0.009936715,0.8834659
369.3352,0.009927747,0.883571
369.6685,0.009918794,0.8836761
370.0019,0.009909858,0.8837808
370.3352,0.009900938,0.8838854
370.6686,0.009892034,0.8839899
371.0019,0.009883147,0.8840941
371.3353,0.009874274,0.8841981
371.6686,0.009865418,0.884302
372.002,0.009856578,0.8844057
372.3353,0.009847754,0.8845091
372.6686,0.009838945,0.8846125
373.002,0.009830153,0.8847156
373.3353,0.009821375,0.8848186
373.6687,0.009812614,0.8849213
374.002,0.009803868,0.8850238
374.3354,0.009795138,0.8851262
374.6687,0.009786422,0.8852285
375.002,0.009777724,0.8853304
375.3354,0.009769039,0.8854323
375.6687,0.009760371,0.885534
376.0021,0.009751718,0.8856354
376.3354,0.00974308,0.8857368
376.6688,0.009734458,0.8858379
377.0021,0.009725851,0.8859388
377.3354,0.009717259,0.8860396
377.6688,0.009708682,0.8861402
378.0021,0.00970012,0.8862405
378.3355,0.009691574,0.8863408
378.6688,0.009683043,0.8864408
379.0022,0.009674526,0.8865407
379.3355,0.009666025,0.8866404
379.6689,0.009657538,0.88674
380.0022,0.009649066,0.8868393
380.3355,0.009640609,0.8869385
380.6689,0.009632167,0.8870375
381.0022,0.00962374,0.8871363
381.3356,0.009615327,0.887235
381.6689,0.009606929,0.8873335
382.0023,0.009598546,0.8874318
382.3356,0.009590178,0.8875299
382.6689,0.009581824,0.8876279
383.0023,0.009573484,0.8877257
383.3356,0.009565159,0.8878233
383.669,0.009556849,0.8879208
384.0023,0.009548552,0.8880181
384.3357,0.009540271,0.8881152
384.669,0.009532004,0.8882121
385.0023,0.00952375,0.8883089
385.3357,0.009515512,0.8884056
385.669,0.009507287,0.8885021
386.0024,0.009499077,0.8885983
386.3357,0.009490881,0.8886945
386.6691,0.009482699,0.8887904
387.0024,0.009474531,0.8888862
387.3358,0.009466377,0.8889818
387.6691,0.009458237,0.8890773
388.0024,0.009450112,0.8891726
388.3358,0.009442,0.8892677
388.6691,0.009433902,0.8893627
389.0025,0.009425817,0.8894575
389.3358,0.009417747,0.8895521
389.6692,0.00940969,0.8896466
390.0025,0.009401648,0.8897409
390.3358,0.009393619,0.8898351
390.6692,0.009385603,0.8899291
391.0025,0.009377602,0.8900229
391.3359,0.009369615,0.8901166
391.6692,0.00936164,0.8902102
392.0026,0.00935368,0.8903035
392.3359,0.009345732,0.8903967
392.6693,0.009337799,0.8904898
393.0026,0.009329878,0.8905826
393.3359,0.009321971,0.8906754
393.6693,0.009314078,0.8907679
394.0026,0.009306198,0.8908603
394.336,0.009298331,0.8909526
394.6693,0.009290477,0.8910447
395.0027,0.009282637,0.8911366
395.336,0.00927481,0.8912284
395.6693,0.009266996,0.8913201
396.0027,0.009259195,0.8914115
396.336,0.009251408,0.8915029
396.6694,0.009243634,0.8915941
397.0027,0.009235872,0.8916851
397.3361,0.009228123,0.891776
397.6694,0.009220388,0.8918667
398.0027,0.009212666,0.8919572
398.3361,0.009204956,0.8920476
398.6694,0.009197259,0.8921379
399.0028,0.009189576,0.8922281
399.3361,0.009181905,0.892318
399.6695,0.009174246,0.8924078
400.0028,0.009166601,0.8924975
400.3362,0.009158969,0.892587
400.6695,0.009151349,0.8926764
401.0028,0.009143742,0.8927656
401.3362,0.009136147,0.8928546
401.6695,0.009128565,0.8929436
402.0029,0.009120995,0.8930323
402.3362,0.009113438,0.8931209
402.6696,0.009105894,0.8932095
403.0029,0.009098362,0.8932977
403.3362,0.009090843,0.8933859
403.6696,0.009083335,0.893474
404.0029,0.009075841,0.8935619
404.3363,0.009068359,0.8936496
404.6696,0.009060889,0.8937373
405.003,0.009053431,0.8938247
405.3363,0.009045986,0.893912
405.6696,0.009038552,0.8939992
406.003,0.009031131,0.8940862
406.3363,0.009023722,0.8941731
406.6697,0.009016326,0.8942599
407.003,0.009008941,0.8943465
407.3364,0.009001569,0.8944329
407.6697,0.008994209,0.8945192
408.0031,0.00898686,0.8946054
408.3364,0.008979524,0.8946915
408.6697,0.008972199,0.8947774
409.0031,0.008964887,0.8948631
409.3364,0.008957586,0.8949487
409.6698,0.008950298,0.8950342
410.0031,0.00894302,0.8951195
410.3365,0.008935755,0.8952047
410.6698,0.008928502,0.8952898
411.0031,0.008921261,0.8953747
411.3365,0.008914031,0.8954595
411.6698,0.008906813,0.8955442
412.0032,0.008899607,0.8956287
412.3365,0.008892412,0.8957131
412.6699,0.008885229,0.8957973
413.0032,0.008878058,0.8958814
413.3365,0.008870898,0.8959654
413.6699,0.008863749,0.8960492
414.0032,0.008856612,0.8961329
414.3366,0.008849488,0.8962165
414.6699,0.008842373,0.8962999
415.0033,0.008835271,0.8963832
415.3366,0.00882818,0.8964664
415.67,0.0088211,0.8965494
416.0033,0.008814032,0.8966323
416.3366,0.008806975,0.896715
416.67,0.008799929,0.8967977
417.0033,0.008792895,0.8968801
417.3367,0.008785871,0.8969625
417.67,0.008778859,0.8970448
418.0034,0.008771858,0.8971269
418.3367,0.008764869,0.8972089
418.67,0.00875789,0.8972907
419.0034,0.008750923,0.8973724
419.3367,0.008743966,0.897454
419.6701,0.008737021,0.8975354
420.0034,0.008730086,0.8976167
420.3368,0.008723163,0.8976979
420.6701,0.008716251,0.897779
421.0034,0.00870935,0.8978599
421.3368,0.008702459,0.8979408
421.6701,0.00869558,0.8980215
422.0035,0.008688711,0.898102
422.3368,0.008681853,0.8981825
422.6702,0.008675006,0.8982627
423.0035,0.00866817,0.8983429
423.3369,0.008661345,0.898423
423.6702,0.008654529,0.8985029
424.0035,0.008647726,0.8985826
424.3369,0.008640932,0.8986623
424.6702,0.00863415,0.8987419
425.0036,0.008627377,0.8988213
425.3369,0.008620616,0.8989006
425.6703,0.008613865,0.8989798
426.0036,0.008607125,0.8990588
426.3369,0.008600395,0.8991377
426.6703,0.008593676,0.8992165
427.0036,0.008586967,0.8992952
427.337,0.008580269,0.8993738
427.6703,0.008573581,0.8994522
428.0037,0.008566904,0.8995305
428.337,0.008560237,0.8996087
428.6703,0.00855358,0.8996868
429.0037,0.008546934,0.8997647
429.337,0.008540298,0.8998425
429.6704,0.008533672,0.8999202
430.0037,0.008527057,0.8999978
430.3371,0.008520452,0.9000753
430.6704,0.008513857,0.9001526
431.0038,0.008507272,0.9002299
431.3371,0.008500698,0.9003069
431.6704,0.008494133,0.9003839
432.0038,0.008487579,0.9004608
432.3371,0.008481035,0.9005376
432.6705,0.008474501,0.9006142
433.0038,0.008467977,0.9006907
433.3372,0.008461463,0.9007671
433.6705,0.008454959,0.9008434
434.0038,0.008448465,0.9009195
434.3372,0.008441981,0.9009956
434.6705,0.008435507,0.9010715
435.0039,0.008429043,0.9011473
435.3372,0.008422589,0.901223
435.6706,0.008416144,0.9012986
436.0039,0.00840971,0.901374
436.3372,0.008403285,0.9014494
436.6706,0.00839687,0.9015246
437.0039,0.008390465,0.9015997
437.3373,0.008384069,0.9016747
437.6706,0.008377684,0.9017496
438.004,0.008371308,0.9018244
438.3373,0.008364942,0.901899
438.6707,0.008358586,0.9019736
439.004,0.008352239,0.902048
439.3373,0.008345902,0.9021223
439.6707,0.008339575,0.9021965
440.004,0.008333256,0.9022706
440.3374,0.008326948,0.9023446
440.6707,0.008320649,0.9024185
441.0041,0.008314359,0.9024922
441.3374,0.00830808,0.9025659
441.6707,0.008301809,0.9026394
442.0041,0.008295548,0.9027129
442.3374,0.008289297,0.9027862
442.6708,0.008283054,0.9028594
443.0041,0.008276822,0.9029325
443.3375,0.008270599,0.9030055
443.6708,0.008264385,0.9030783
444.0042,0.00825818,0.9031511
444.3375,0.008251985,0.9032238
444.6708,0.008245799,0.9032963
445.0042,0.008239622,0.9033688
445.3375,0.008233455,0.9034411
445.6709,0.008227296,0.9035133
446.0042,0.008221148,0.9035854
446.3376,0.008215007,0.9036574
446.6709,0.008208876,0.9037293
447.0042,0.008202755,0.9038011
447.3376,0.008196643,0.9038728
447.6709,0.008190539,0.9039444
448.0043,0.008184445,0.9040158
448.3376,0.00817836,0.9040872
448.671,0.008172284,0.9041585
449.0043,0.008166216,0.9042296
449.3376,0.008160158,0.9043007
449.671,0.008154109,0.9043716
450.0043,0.008148069,0.9044424
450.3377,0.008142037,0.9045132
450.671,0.008136015,0.9045838
451.0044,0.008130002,0.9046543
451.3377,0.008123998,0.9047248
451.6711,0.008118002,0.9047951
452.0044,0.008112014,0.9048653
452.3377,0.008106037,0.9049354
452.6711,0.008100067,0.9050054
453.0044,0.008094107,0.9050753
453.3378,0.008088156,0.9051451
453.6711,0.008082212,0.9052148
454.0045,0.008076278,0.9052844
454.3378,0.008070352,0.9053539
454.6711,0.008064436,0.9054233
455.0045,0.008058527,0.9054925
455.3378,0.008052628,0.9055617
455.6712,0.008046737,0.9056308
456.0045,0.008040855,0.9056998
456.3379,0.008034982,0.9057687
456.6712,0.008029116,0.9058375
457.0045,0.00802326,0.9059061
457.3379,0.008017412,0.9059747
457.6712,0.008011572,0.9060432
458.0046,0.008005742,0.9061116
458.3379,0.007999919,0.9061799
458.6713,0.007994105,0.9062481
459.0046,0.007988299,0.9063162
459.338,0.007982503,0.9063842
459.6713,0.007976714,0.9064521
460.0046,0.007970933,0.9065198
460.338,0.007965161,0.9065875
460.6713,0.007959398,0.9066551
461.0047,0.007953642,0.9067226
461.338,0.007947896,0.90679
461.6714,0.007942157,0.9068573
462.0047,0.007936426,0.9069245
462.338,0.007930704,0.9069916
462.6714,0.007924991,0.9070587
463.0047,0.007919285,0.9071255
463.3381,0.007913588,0.9071923
463.6714,0.007907898,0.9072591
464.0048,0.007902217,0.9073257
464.3381,0.007896544,0.9073923
464.6714,0.007890879,0.9074587
465.0048,0.007885222,0.907525
465.3381,0.007879574,0.9075913
465.6715,0.007873934,0.9076574
466.0048,0.007868301,0.9077235
466.3382,0.007862677,0.9077894
466.6715,0.00785706,0.9078553
467.0049,0.007851453,0.9079211
467.3382,0.007845852,0.9079868
467.6715,0.00784026,0.9080523
468.0049,0.007834675,0.9081178
468.3382,0.007829099,0.9081832
468.6716,0.007823531,0.9082485
469.0049,0.00781797,0.9083138
469.3383,0.007812417,0.9083788
469.6716,0.007806872,0.9084439
470.0049,0.007801335,0.9085088
470.3383,0.007795807,0.9085736
470.6716,0.007790285,0.9086384
471.005,0.007784772,0.9087031
471.3383,0.007779266,0.9087676
471.6717,0.007773769,0.9088321
472.005,0.007768278,0.9088965
472.3383,0.007762796,0.9089608
472.6717,0.007757321,0.909025
473.005,0.007751855,0.9090891
473.3384,0.007746396,0.9091531
473.6717,0.007740944,0.9092171
474.0051,0.0077355,0.9092809
474.3384,0.007730064,0.9093447
474.6718,0.007724635,0.9094083
475.0051,0.007719215,0.9094719
475.3384,0.007713801,0.9095353
475.6718,0.007708395,0.9095988
476.0051,0.007702997,0.9096621
476.3385,0.007697607,0.9097253
476.6718,0.007692224,0.9097884
477.0052,0.007686848,0.9098515
477.3385,0.00768148,0.9099144
477.6718,0.00767612,0.9099773
478.0052,0.007670767,0.9100401
478.3385,0.007665421,0.9101028
478.6719,0.007660083,0.9101654
479.0052,0.007654752,0.9102279
479.3386,0.007649429,0.9102903
479.6719,0.007644113,0.9103526
480.0052,0.007638805,0.9104149
480.3386,0.007633504,0.9104771
480.6719,0.007628209,0.9105392
481.0053,0.007622923,0.9106011
481.3386,0.007617644,0.9106631
481.672,0.007612372,0.9107249
482.0053,0.007607108,0.9107866
482.3387,0.00760185,0.9108483
482.672,0.0075966,0.9109099
483.0053,0.007591357,0.9109713
483.3387,0.007586122,0.9110327
483.672,0.007580894,0.9110941
484.0054,0.007575673,0.9111553
484.3387,0.007570459,0.9112164
484.6721,0.007565252,0.9112775
485.0054,0.007560052,0.9113385
485.3387,0.00755486,0.9113994
485.6721,0.007549675,0.9114602
486.0054,0.007544497,0.9115209
486.3388,0.007539325,0.9115816
486.6721,0.007534161,0.9116421
487.0055,0.007529004,0.9117026
487.3388,0.007523855,0.911763
487.6721,0.007518711,0.9118233
488.0055,0.007513576,0.9118835
488.3388,0.007508447,0.9119437
488.6722,0.007503325,0.9120038
489.0055,0.00749821,0.9120638
489.3389,0.007493102,0.9121237
489.6722,0.007488002,0.9121835
490.0056,0.007482908,0.9122432
490.3389,0.00747782,0.9123029
490.6722,0.00747274,0.9123625
491.0056,0.007467667,0.9124219
491.3389,0.007462601,0.9124814
491.6723,0.007457541,0.9125407
492.0056,0.007452489,0.9126
492.339,0.007447443,0.9126591
492.6723,0.007442404,0.9127182
493.0056,0.007437372,0.9127772
493.339,0.007432346,0.9128362
493.6723,0.007427328,0.912895
494.0057,0.007422316,0.9129538
494.339,0.007417311,0.9130125
494.6724,0.007412313,0.9130711
495.0057,0.007407321,0.9131297
495.3391,0.007402336,0.9131881
495.6724,0.007397358,0.9132465
496.0057,0.007392387,0.9133048
496.3391,0.007387422,0.913363
496.6724,0.007382464,0.9134212
497.0058,0.007377512,0.9134793
497.3391,0.007372568,0.9135373
497.6725,0.00736763,0.9135951
498.0058,0.007362698,0.913653
498.3391,0.007357773,0.9137108
498.6725,0.007352855,0.9137684
499.0058,0.007347943,0.913826
499.3392,0.007343038,0.9138836
499.6725,0.007338139,0.913941
500.0059,0.007333247,0.9139984
500.3392,0.007328361,0.9140557
500.6725,0.007323482,0.9141129
501.0059,0.007318609,0.91417
501.3392,0.007313743,0.9142271
501.6726,0.007308883,0.9142841
502.0059,0.00730403,0.914341
502.3393,0.007299183,0.9143979
502.6726,0.007294343,0.9144546
503.006,0.007289509,0.9145113
503.3393,0.007284681,0.9145679
503.6726,0.00727986,0.9146245
504.006,0.007275045,0.914681
504.3393,0.007270236,0.9147373
504.6727,0.007265435,0.9147937
505.006,0.007260639,0.9148499
505.3394,0.007255849,0.9149061
505.6727,0.007251066,0.9149622
506.006,0.007246289,0.9150182
506.3394,0.007241519,0.9150741
506.6727,0.007236755,0.91513
507.0061,0.007231997,0.9151858
507.3394,0.007227245,0.9152415
507.6728,0.0072225,0.9152972
508.0061,0.00721776,0.9153528
508.3394,0.007213027,0.9154083
508.6728,0.0072083,0.9154637
509.0061,0.00720358,0.9155191
509.3395,0.007198865,0.9155744
509.6728,0.007194157,0.9156296
510.0062,0.007189455,0.9156847
510.3395,0.007184759,0.9157398
510.6729,0.007180069,0.9157948
511.0062,0.007175385,0.9158497
511.3395,0.007170707,0.9159046
511.6729,0.007166036,0.9159594
512.0062,0.00716137,0.9160141
512.3395,0.007156712,0.9160688
512.6729,0.007152059,0.9161234
513.0062,0.007147412,0.916178
513.3395,0.007142771,0.9162325
513.6728,0.007138136,0.9162869
514.0061,0.007133507,0.9163412
514.3394,0.007128885,0.9163955
514.6727,0.007124268,0.9164497
515.006,0.007119657,0.9165038
515.3394,0.007115052,0.9165579
515.6727,0.007110453,0.9166119
516.006,0.00710586,0.9166658
516.3393,0.007101273,0.9167197
516.6726,0.007096692,0.9167734
517.0059,0.007092116,0.9168271
517.3392,0.007087547,0.9168808
517.6725,0.007082984,0.9169344
518.0059,0.007078426,0.9169879
518.3392,0.007073875,0.9170413
518.6725,0.007069329,0.9170947
519.0058,0.007064789,0.917148
519.3391,0.007060254,0.9172012
519.6724,0.007055726,0.9172544
520.0057,0.007051203,0.9173075
520.3391,0.007046686,0.9173605
520.6724,0.007042176,0.9174135
521.0057,0.00703767,0.9174664
521.339,0.007033171,0.9175192
521.6723,0.007028678,0.917572
522.0056,0.007024189,0.9176247
522.3389,0.007019707,0.9176773
522.6722,0.007015231,0.9177299
523.0056,0.00701076,0.9177823
523.3389,0.007006295,0.9178348
523.6722,0.007001835,0.9178871
524.0055,0.006997381,0.9179394
524.3388,0.006992933,0.9179916
524.6721,0.006988491,0.9180438
525.0054,0.006984054,0.9180958
525.3387,0.006979623,0.9181479
525.6721,0.006975197,0.9181998
526.0054,0.006970777,0.9182518
526.3387,0.006966363,0.9183035
526.672,0.006961954,0.9183553
527.0053,0.006957551,0.918407
527.3386,0.006953153,0.9184586
527.6719,0.006948761,0.9185102
528.0052,0.006944375,0.9185617
528.3386,0.006939994,0.9186131
528.6719,0.006935618,0.9186645
529.0052,0.006931248,0.9187158
529.3385,0.006926884,0.918767
529.6718,0.006922525,0.9188182
530.0051,0.006918171,0.9188693
530.3384,0.006913824,0.9189204
530.6718,0.006909481,0.9189714
531.0051,0.006905144,0.9190223
531.3384,0.006900812,0.9190732
531.6717,0.006896486,0.9191239
532.005,0.006892165,0.9191747
532.3383,0.006887849,0.9192253
532.6716,0.00688354,0.9192759
533.0049,0.006879235,0.9193265
533.3383,0.006874936,0.919377
533.6716,0.006870642,0.9194273
534.0049,0.006866354,0.9194777
534.3382,0.00686207,0.919528
534.6715,0.006857792,0.9195782
535.0048,0.00685352,0.9196284
535.3381,0.006849253,0.9196784
535.6714,0.006844991,0.9197285
536.0048,0.006840735,0.9197785
536.3381,0.006836483,0.9198284
536.6714,0.006832237,0.9198782
537.0047,0.006827997,0.919928
537.338,0.006823761,0.9199778
537.6713,0.006819531,0.9200274
538.0046,0.006815306,0.920077
538.338,0.006811087,0.9201266
538.6713,0.006806872,0.920176
539.0046,0.006802663,0.9202254
539.3379,0.006798458,0.9202748
539.6712,0.006794259,0.9203241
540.0045,0.006790066,0.9203734
540.3378,0.006785878,0.9204226
540.6711,0.006781694,0.9204717
541.0045,0.006777516,0.9205207
541.3378,0.006773343,0.9205697
541.6711,0.006769175,0.9206186
542.0044,0.006765012,0.9206675
542.3377,0.006760854,0.9207163
542.671,0.006756702,0.920765
543.0043,0.006752554,0.9208137
543.3376,0.006748412,0.9208624
543.671,0.006744275,0.920911
544.0043,0.006740143,0.9209595
544.3376,0.006736015,0.9210079
544.6709,0.006731893,0.9210563
545.0042,0.006727776,0.9211047
545.3375,0.006723664,0.9211529
545.6708,0.006719557,0.9212012
546.0042,0.006715455,0.9212493
546.3375,0.006711358,0.9212974
546.6708,0.006707266,0.9213455
547.0041,0.006703179,0.9213935
547.3374,0.006699097,0.9214414
547.6707,0.00669502,0.9214892
548.004,0.006690948,0.921537
548.3373,0.006686881,0.9215848
548.6707,0.006682818,0.9216325
549.004,0.006678761,0.9216801
549.3373,0.006674709,0.9217277
549.6706,0.006670661,0.9217752
550.0039,0.006666618,0.9218227
550.3372,0.006662581,0.9218701
550.6705,0.006658548,0.9219174
551.0038,0.006654521,0.9219647
551.3372,0.006650497,0.922012
551.6705,0.006646479,0.9220591
552.0038,0.006642466,0.9221063
552.3371,0.006638458,0.9221533
552.6704,0.006634454,0.9222003
553.0037,0.006630455,0.9222472
553.337,0.006626461,0.9222941
553.6703,0.006622472,0.922341
554.0037,0.006618488,0.9223878
554.337,0.006614508,0.9224344
554.6703,0.006610533,0.9224811
555.0036,0.006606563,0.9225277
555.3369,0.006602598,0.9225743
555.6702,0.006598637,0.9226207
556.0035,0.006594682,0.9226671
556.3369,0.006590731,0.9227134
556.6702,0.006586784,0.9227597
557.0035,0.006582843,0.9228059
557.3368,0.006578906,0.9228521
557.6701,0.006574973,0.9228982
558.0034,0.006571046,0.9229442
558.3367,0.006567123,0.9229903
558.67,0.006563205,0.9230362
559.0034,0.006559292,0.9230821
559.3367,0.006555383,0.9231279
559.67,0.006551479,0.9231737
560.0033,0.00654758,0.9232194
560.3366,0.006543685,0.9232651
560.6699,0.006539795,0.9233107
561.0032,0.006535909,0.9233563
561.3365,0.006532028,0.9234018
561.6699,0.006528152,0.9234473
562.0032,0.00652428,0.9234927
562.3365,0.006520413,0.923538
562.6698,0.006516551,0.9235833
563.0031,0.006512693,0.9236285
563.3364,0.006508839,0.9236737
563.6697,0.006504991,0.9237189
564.0031,0.006501146,0.9237639
564.3364,0.006497306,0.9238089
564.6697,0.006493471,0.9238539
565.003,0.006489641,0.9238989
565.3363,0.006485814,0.9239437
565.6696,0.006481993,0.9239885
566.0029,0.006478176,0.9240333
566.3362,0.006474363,0.924078
566.6696,0.006470555,0.9241227
567.0029,0.006466751,0.9241673
567.3362,0.006462952,0.9242118
567.6695,0.006459157,0.9242563
568.0028,0.006455366,0.9243008
568.3361,0.006451581,0.9243451
568.6694,0.006447799,0.9243895
569.0027,0.006444022,0.9244338
569.3361,0.006440249,0.9244781
569.6694,0.006436481,0.9245222
570.0027,0.006432718,0.9245664
570.336,0.006428958,0.9246104
570.6693,0.006425203,0.9246545
571.0026,0.006421452,0.9246985
571.3359,0.006417706,0.9247424
571.6693,0.006413965,0.9247863
572.0026,0.006410227,0.9248301
572.3359,0.006406494,0.9248739
572.6692,0.006402765,0.9249176
573.0025,0.006399041,0.9249613
573.3358,0.00639532,0.9250049
573.6691,0.006391604,0.9250485
574.0024,0.006387893,0.925092
574.3358,0.006384186,0.9251355
574.6691,0.006380483,0.9251789
575.0024,0.006376784,0.9252223
575.3357,0.00637309,0.9252656
575.669,0.0063694,0.9253089
576.0023,0.006365715,0.9253521
576.3356,0.006362033,0.9253953
576.6689,0.006358356,0.9254383
577.0023,0.006354683,0.9254814
577.3356,0.006351014,0.9255245
577.6689,0.006347349,0.9255674
578.0022,0.006343689,0.9256104
578.3355,0.006340033,0.9256532
578.6688,0.006336381,0.9256961
579.0021,0.006332734,0.9257388
579.3354,0.00632909,0.9257815
579.6688,0.006325451,0.9258242
580.0021,0.006321816,0.9258668
580.3354,0.006318185,0.9259095
580.6687,0.006314558,0.925952
581.002,0.006310936,0.9259945
581.3353,0.006307317,0.9260369
581.6686,0.006303703,0.9260793
582.002,0.006300093,0.9261216
582.3353,0.006296487,0.9261639
582.6686,0.006292885,0.9262061
583.0019,0.006289287,0.9262483
583.3352,0.006285693,0.9262905
583.6685,0.006282104,0.9263325
584.0018,0.006278519,0.9263746
584.3351,0.006274937,0.9264166
584.6685,0.00627136,0.9264585
585.0018,0.006267786,0.9265004
585.3351,0.006264218,0.9265423
585.6684,0.006260653,0.9265841
586.0017,0.006257092,0.9266258
586.335,0.006253534,0.9266676
586.6683,0.006249981,0.9267092
587.0016,0.006246433,0.9267508
587.335,0.006242888,0.9267924
587.6683,0.006239347,0.9268339
588.0016,0.00623581,0.9268754
588.3349,0.006232277,0.9269168
588.6682,0.006228749,0.9269582
589.0015,0.006225224,0.9269996
589.3348,0.006221703,0.9270408
589.6682,0.006218186,0.9270821
590.0015,0.006214673,0.9271232
590.3348,0.006211164,0.9271644
590.6681,0.006207659,0.9272055
591.0014,0.006204159,0.9272466
591.3347,0.006200661,0.9272876
591.668,0.006197168,0.9273285
592.0013,0.006193679,0.9273695
592.3347,0.006190194,0.9274103
592.668,0.006186713,0.9274511
593.0013,0.006183235,0.927492
593.3346,0.006179762,0.9275327
593.6679,0.006176292,0.9275734
594.0012,0.006172826,0.927614
594.3345,0.006169364,0.9276546
594.6678,0.006165906,0.9276952
595.0012,0.006162453,0.9277356
595.3345,0.006159002,0.9277761
595.6678,0.006155556,0.9278165
596.0011,0.006152113,0.9278569
596.3344,0.006148675,0.9278972
596.6677,0.00614524,0.9279375
597.001,0.006141809,0.9279777
597.3344,0.006138382,0.9280179
597.6677,0.006134958,0.928058
598.001,0.006131539,0.9280981
598.3343,0.006128123,0.9281382
598.6676,0.006124712,0.9281782
599.0009,0.006121303,0.9282182
599.3342,0.006117899,0.9282581
599.6675,0.006114498,0.928298
600.0009,0.006111102,0.9283378
600.3342,0.006107709,0.9283776
600.6675,0.00610432,0.9284173
601.0008,0.006100934,0.928457
601.3341,0.006097552,0.9284967
601.6674,0.006094174,0.9285363
602.0007,0.0060908,0.9285759
602.334,0.00608743,0.9286154
602.6674,0.006084063,0.9286548
603.0007,0.0060807,0.9286943
603.334,0.006077341,0.9287337
603.6673,0.006073985,0.928773
604.0006,0.006070633,0.9288124
604.3339,0.006067285,0.9288516
604.6672,0.006063941,0.9288908
605.0005,0.0060606,0.92893
605.3339,0.006057263,0.9289691
605.6672,0.006053929,0.9290082
606.0005,0.0060506,0.9290473
606.3338,0.006047274,0.9290863
606.6671,0.006043951,0.9291252
607.0004,0.006040632,0.9291642
607.3337,0.006037317,0.929203
607.6671,0.006034005,0.9292419
608.0004,0.006030697,0.9292807
608.3337,0.006027393,0.9293194
608.667,0.006024092,0.9293581
609.0003,0.006020796,0.9293968
609.3336,0.006017502,0.9294354
609.6669,0.006014212,0.929474
610.0002,0.006010926,0.9295125
610.3336,0.006007643,0.929551
610.6669,0.006004364,0.9295895
611.0002,0.006001089,0.9296279
611.3335,0.005997817,0.9296663
611.6668,0.005994549,0.9297046
612.0001,0.005991283,0.9297429
612.3334,0.005988022,0.9297811
612.6667,0.005984765,0.9298193
613.0001,0.005981511,0.9298575
613.3334,0.00597826,0.9298956
613.6667,0.005975013,0.9299337
614,0.005971769,0.9299717
614.3333,0.005968529,0.9300097
614.6666,0.005965292,0.9300476
614.9999,0.005962059,0.9300855
615.3333,0.00595883,0.9301234
615.6666,0.005955604,0.9301612
615.9999,0.005952382,0.930199
616.3332,0.005949162,0.9302368
616.6665,0.005945947,0.9302745
616.9998,0.005942735,0.9303122
617.3331,0.005939526,0.9303498
617.6664,0.005936321,0.9303874
617.9998,0.005933119,0.9304249
618.3331,0.005929921,0.9304624
618.6664,0.005926726,0.9304999
618.9997,0.005923535,0.9305373
619.333,0.005920347,0.9305747
619.6663,0.005917163,0.930612
619.9996,0.005913981,0.9306493
620.3329,0.005910804,0.9306866
620.6663,0.00590763,0.9307238
620.9996,0.005904458,0.930761
621.3329,0.005901291,0.9307982
621.6662,0.005898127,0.9308352
621.9995,0.005894966,0.9308723
622.3328,0.005891809,0.9309093
622.6661,0.005888655,0.9309464
622.9995,0.005885505,0.9309833
623.3328,0.005882358,0.9310202
623.6661,0.005879214,0.931057
623.9994,0.005876074,0.9310939
624.3327,0.005872936,0.9311306
624.666,0.005869803,0.9311674
624.9993,0.005866672,0.9312041
625.3326,0.005863545,0.9312408
625.666,0.005860422,0.9312775
625.9993,0.005857301,0.931314
626.3326,0.005854184,0.9313506
626.6659,0.00585107,0.9313871
626.9992,0.00584796,0.9314235
627.3325,0.005844853,0.93146
627.6658,0.005841749,0.9314964
627.9991,0.005838648,0.9315327
628.3325,0.005835551,0.931569
628.6658,0.005832457,0.9316053
628.9991,0.005829367,0.9316416
629.3324,0.005826279,0.9316778
629.6657,0.005823195,0.9317139
629.999,0.005820114,0.9317501
630.3323,0.005817037,0.9317862
630.6656,0.005813962,0.9318222
630.999,0.005810891,0.9318582
631.3323,0.005807823,0.9318942
631.6656,0.005804759,0.9319302
631.9989,0.005801697,0.9319661
632.3322,0.005798639,0.9320019
632.6655,0.005795584,0.9320378
632.9988,0.005792533,0.9320735
633.3322,0.005789484,0.9321093
633.6655,0.005786438,0.932145
633.9988,0.005783396,0.9321806
634.3321,0.005780357,0.9322163
634.6654,0.005777322,0.9322519
634.9987,0.005774289,0.9322875
635.332,0.00577126,0.932323
635.6653,0.005768234,0.9323584
635.9987,0.005765211,0.9323939
636.332,0.005762191,0.9324293
636.6653,0.005759174,0.9324647
636.9986,0.005756161,0.9325001
637.3319,0.00575315,0.9325354
637.6652,0.005750143,0.9325706
637.9985,0.005747139,0.9326059
638.3318,0.005744138,0.932641
638.6652,0.00574114,0.9326762
638.9985,0.005738146,0.9327113
639.3318,0.005735154,0.9327464
639.6651,0.005732166,0.9327814
639.9984,0.00572918,0.9328164
640.3317,0.005726198,0.9328514
640.665,0.005723219,0.9328864
640.9984,0.005720243,0.9329212
641.3317,0.00571727,0.9329561
641.665,0.0057143,0.9329909
641.9983,0.005711333,0.9330257
642.3316,0.00570837,0.9330605
642.6649,0.005705409,0.9330952
642.9982,0.005702452,0.9331298
643.3315,0.005699497,0.9331645
643.6649,0.005696546,0.9331991
643.9982,0.005693597,0.9332337
644.3315,0.005690652,0.9332682
644.6648,0.00568771,0.9333028
644.9981,0.005684771,0.9333372
645.3314,0.005681834,0.9333717
645.6647,0.005678901,0.9334061
645.998,0.005675971,0.9334404
646.3314,0.005673044,0.9334747
646.6647,0.00567012,0.933509
646.998,0.005667199,0.9335433
647.3313,0.005664281,0.9335775
647.6646,0.005661366,0.9336117
647.9979,0.005658454,0.9336458
648.3312,0.005655545,0.9336799
648.6646,0.005652639,0.933714
648.9979,0.005649736,0.9337481
649.3312,0.005646836,0.933782
649.6645,0.005643938,0.933816
649.9978,0.005641044,0.93385
650.3311,0.005638153,0.9338838
650.6644,0.005635265,0.9339178
650.9977,0.00563238,0.9339516
651.3311,0.005629497,0.9339854
651.6644,0.005626618,0.9340191
651.9977,0.005623741,0.9340529
652.331,0.005620868,0.9340866
652.6643,0.005617997,0.9341202
652.9976,0.00561513,0.9341539
653.3309,0.005612265,0.9341875
653.6642,0.005609403,0.934221
653.9976,0.005606544,0.9342545
654.3309,0.005603688,0.934288
654.6642,0.005600835,0.9343215
654.9975,0.005597985,0.9343549
655.3308,0.005595138,0.9343883
655.6641,0.005592294,0.9344217
655.9974,0.005589452,0.934455
656.3307,0.005586613,0.9344882
656.6641,0.005583778,0.9345215
656.9974,0.005580945,0.9345547
657.3307,0.005578115,0.9345879
657.664,0.005575288,0.934621
657.9973,0.005572464,0.9346542
658.3306,0.005569642,0.9346873
658.6639,0.005566824,0.9347203
658.9973,0.005564008,0.9347534
659.3306,0.005561196,0.9347863
659.6639,0.005558386,0.9348193
659.9972,0.005555579,0.9348522
660.3305,0.005552774,0.9348851
660.6638,0.005549973,0.9349179
660.9971,0.005547174,0.9349507
661.3304,0.005544378,0.9349836
661.6638,0.005541585,0.9350163
661.9971,0.005538795,0.935049
662.3304,0.005536008,0.9350817
662.6637,0.005533224,0.9351143
662.997,0.005530442,0.9351469
663.3303,0.005527663,0.9351795
663.6636,0.005524886,0.9352121
663.9969,0.005522113,0.9352446
664.3303,0.005519343,0.9352771
664.6636,0.005516575,0.9353096
664.9969,0.00551381,0.935342
665.3302,0.005511047,0.9353744
665.6635,0.005508288,0.9354067
665.9968,0.005505531,0.9354391
666.3301,0.005502777,0.9354714
666.6635,0.005500026,0.9355036
666.9968,0.005497277,0.9355358
667.3301,0.005494532,0.935568
667.6634,0.005491788,0.9356002
667.9967,0.005489049,0.9356323
668.33,0.005486311,0.9356645
668.6633,0.005483576,0.9356965
668.9966,0.005480844,0.9357285
669.33,0.005478115,0.9357606
669.6633,0.005475388,0.9357926
669.9966,0.005472664,0.9358245
670.3299,0.005469943,0.9358564
670.6632,0.005467224,0.9358883
670.9965,0.005464509,0.9359201
671.3298,0.005461796,0.9359519
671.6631,0.005459085,0.9359837
671.9965,0.005456377,0.9360155
672.3298,0.005453672,0.9360472
672.6631,0.00545097,0.9360789
672.9964,0.00544827,0.9361106
673.3297,0.005445573,0.9361421
673.663,0.005442879,0.9361737
673.9963,0.005440187,0.9362053
674.3297,0.005437498,0.9362369
674.663,0.005434812,0.9362684
674.9963,0.005432128,0.9362999
675.3296,0.005429447,0.9363313
675.6629,0.005426769,0.9363627
675.9962,0.005424093,0.936394
676.3295,0.00542142,0.9364254
676.6628,0.005418749,0.9364567
676.9962,0.005416081,0.936488
677.3295,0.005413416,0.9365193
677.6628,0.005410754,0.9365505
677.9961,0.005408093,0.9365817
678.3294,0.005405436,0.9366128
678.6627,0.005402782,0.936644
678.996,0.005400129,0.9366751
679.3293,0.00539748,0.9367061
679.6627,0.005394833,0.9367372
679.996,0.005392188,0.9367682
680.3293,0.005389547,0.9367992
680.6626,0.005386907,0.9368301
680.9959,0.005384271,0.936861
681.3292,0.005381637,0.9368919
681.6625,0.005379005,0.9369228
681.9958,0.005376376,0.9369536
682.3292,0.00537375,0.9369844
682.6625,0.005371126,0.9370152
682.9958,0.005368505,0.9370459
683.3291,0.005365886,0.9370766
683.6624,0.00536327,0.9371073
683.9957,0.005360657,0.937138
684.329,0.005358046,0.9371685
684.6624,0.005355437,0.9371992
684.9957,0.005352831,0.9372297
685.329,0.005350228,0.9372602
685.6623,0.005347627,0.9372907
685.9956,0.005345029,0.9373212
686.3289,0.005342433,0.9373516
686.6622,0.00533984,0.937382
686.9955,0.005337249,0.9374124
687.3289,0.005334661,0.9374428
687.6622,0.005332075,0.9374731
687.9955,0.005329492,0.9375034
688.3288,0.005326911,0.9375337
688.6621,0.005324333,0.9375639
688.9954,0.005321757,0.9375941
689.3287,0.005319184,0.9376243
689.662,0.005316613,0.9376544
689.9954,0.005314045,0.9376845
690.3287,0.005311479,0.9377146
690.662,0.005308916,0.9377447
690.9953,0.005306355,0.9377747
691.3286,0.005303796,0.9378047
691.6619,0.00530124,0.9378347
691.9952,0.005298687,0.9378647
692.3286,0.005296136,0.9378945
692.6619,0.005293588,0.9379244
692.9952,0.005291041,0.9379543
693.3285,0.005288498,0.9379841
693.6618,0.005285957,0.9380139
693.9951,0.005283418,0.9380437
694.3284,0.005280882,0.9380735
694.6617,0.005278348,0.9381031
694.9951,0.005275816,0.9381328
695.3284,0.005273287,0.9381625
695.6617,0.005270761,0.9381921
695.995,0.005268237,0.9382217
696.3283,0.005265715,0.9382513
696.6616,0.005263195,0.9382808
696.9949,0.005260678,0.9383103
697.3282,0.005258164,0.9383398
697.6616,0.005255652,0.9383693
697.9949,0.005253142,0.9383987
698.3282,0.005250635,0.9384281
698.6615,0.00524813,0.9384575
698.9948,0.005245627,0.9384869
699.3281,0.005243127,0.9385161
699.6614,0.005240629,0.9385455
699.9948,0.005238134,0.9385747
700.3281,0.005235641,0.9386039
700.6614,0.00523315,0.9386331
700.9947,0.005230662,0.9386624
701.328,0.005228176,0.9386915
701.6613,0.005225692,0.9387206
701.9946,0.005223211,0.9387497
702.3279,0.005220733,0.9387788
702.6613,0.005218256,0.9388078
702.9946,0.005215782,0.9388368
703.3279,0.00521331,0.9388658
703.6612,0.005210841,0.9388947
703.9945,0.005208374,0.9389237
704.3278,0.005205909,0.9389526
704.6611,0.005203446,0.9389815
704.9944,0.005200986,0.9390103
705.3278,0.005198528,0.9390392
705.6611,0.005196073,0.939068
705.9944,0.00519362,0.9390967
706.3277,0.005191169,0.9391255
706.661,0.00518872,0.9391541
706.9943,0.005186274,0.9391829
707.3276,0.00518383,0.9392115
707.6609,0.005181388,0.9392402
707.9943,0.005178949,0.9392688
708.3276,0.005176512,0.9392973
708.6609,0.005174078,0.9393259
708.9942,0.005171645,0.9393544
709.3275,0.005169215,0.9393829
709.6608,0.005166787,0.9394114
709.9941,0.005164361,0.9394398
710.3275,0.005161938,0.9394682
710.6608,0.005159517,0.9394966
710.9941,0.005157098,0.939525
711.3274,0.005154682,0.9395533
711.6607,0.005152267,0.9395816
711.994,0.005149855,0.9396099
712.3273,0.005147445,0.9396382
712.6606,0.005145038,0.9396664
712.994,0.005142633,0.9396946
713.3273,0.00514023,0.9397228
713.6606,0.005137829,0.939751
713.9939,0.005135431,0.939779
714.3272,0.005133035,0.9398072
714.6605,0.005130641,0.9398353
714.9938,0.005128249,0.9398633
715.3271,0.005125859,0.9398913
715.6605,0.005123472,0.9399193
715.9938,0.005121087,0.9399473
716.3271,0.005118704,0.9399752
716.6604,0.005116323,0.9400032
716.9937,0.005113945,0.9400311
717.327,0.005111569,0.9400589
717.6603,0.005109195,0.9400867
717.9937,0.005106823,0.9401146
718.327,0.005104453,0.9401423
718.6603,0.005102085,0.9401701
718.9936,0.00509972,0.9401978
719.3269,0.005097358,0.9402255
719.6602,0.005094997,0.9402532
719.9935,0.005092638,0.9402809
720.3268,0.005090281,0.9403085
720.6602,0.005087927,0.9403361
720.9935,0.005085575,0.9403637
721.3268,0.005083225,0.9403912
721.6601,0.005080877,0.9404188
721.9934,0.005078531,0.9404463
722.3267,0.005076188,0.9404738
722.66,0.005073847,0.9405012
722.9933,0.005071508,0.9405287
723.3267,0.005069171,0.940556
723.66,0.005066836,0.9405835
723.9933,0.005064503,0.9406108
724.3266,0.005062173,0.9406381
724.6599,0.005059844,0.9406654
724.9932,0.005057518,0.9406927
725.3265,0.005055194,0.94072
725.6599,0.005052872,0.9407472
725.9932,0.005050552,0.9407744
726.3265,0.005048234,0.9408016
726.6598,0.005045919,0.9408287
726.9931,0.005043605,0.9408559
727.3264,0.005041294,0.940883
727.6597,0.005038985,0.94091
727.993,0.005036678,0.9409371
728.3264,0.005034373,0.9409642
728.6597,0.00503207,0.9409912
728.993,0.005029769,0.9410181
729.3263,0.00502747,0.9410451
729.6596,0.005025174,0.941072
729.9929,0.005022879,0.9410989
730.3262,0.005020587,0.9411258
730.6595,0.005018297,0.9411526
730.9929,0.005016008,0.9411795
731.3262,0.005013722,0.9412063
731.6595,0.005011438,0.9412331
731.9928,0.005009156,0.9412599
732.3261,0.005006876,0.9412866
732.6594,0.005004598,0.9413133
732.9927,0.005002323,0.94134
733.326,0.005000049,0.9413666
733.6594,0.004997777,0.9413933
733.9927,0.004995508,0.9414199
734.326,0.00499324,0.9414465
734.6593,0.004990975,0.9414731
734.9926,0.004988712,0.9414996
735.3259,0.004986451,0.9415261
735.6592,0.004984191,0.9415526
735.9926,0.004981934,0.941579
736.3259,0.004979679,0.9416055
736.6592,0.004977426,0.9416319
736.9925,0.004975175,0.9416583
737.3258,0.004972925,0.9416847
737.6591,0.004970679,0.9417111
737.9924,0.004968434,0.9417374
738.3257,0.004966191,0.9417637
738.6591,0.004963949,0.94179
738.9924,0.00496171,0.9418162
739.3257,0.004959474,0.9418424
739.659,0.004957239,0.9418687
739.9923,0.004955006,0.9418948
740.3256,0.004952775,0.941921
740.6589,0.004950546,0.9419471
740.9922,0.004948319,0.9419733
741.3256,0.004946094,0.9419993
741.6589,0.004943871,0.9420254
741.9922,0.004941651,0.9420515
742.3255,0.004939432,0.9420775
742.6588,0.004937215,0.9421034
742.9921,0.004935,0.9421294
743.3254,0.004932787,0.9421554
743.6588,0.004930576,0.9421813
743.9921,0.004928367,0.9422072
744.3254,0.00492616,0.9422331
744.6587,0.004923956,0.942259
744.992,0.004921752,0.9422848
745.3253,0.004919551,0.9423106
745.6586,0.004917352,0.9423364
745.9919,0.004915155,0.9423621
746.3253,0.00491296,0.9423879
746.6586,0.004910767,0.9424136
746.9919,0.004908576,0.9424393
747.3252,0.004906387,0.9424649
747.6585,0.004904199,0.9424906
747.9918,0.004902014,0.9425163
748.3251,0.004899831,0.9425418
748.6584,0.004897649,0.9425674
748.9918,0.00489547,0.942593
749.3251,0.004893292,0.9426185
749.6584,0.004891116,0.9426441
749.9917,0.004888942,0.9426695
750.325,0.004886771,0.942695
750.6583,0.004884601,0.9427205
750.9916,0.004882433,0.9427459
751.325,0.004880267,0.9427713
751.6583,0.004878103,0.9427966
751.9916,0.004875941,0.942822
752.3249,0.004873781,0.9428473
752.6582,0.004871622,0.9428726
752.9915,0.004869466,0.9428979
753.3248,0.004867311,0.9429232
753.6581,0.004865158,0.9429485
753.9915,0.004863008,0.9429737
754.3248,0.004860859,0.9429988
754.6581,0.004858712,0.943024
754.9914,0.004856567,0.9430492
755.3247,0.004854424,0.9430743
755.658,0.004852283,0.9430994
755.9913,0.004850143,0.9431245
756.3246,0.004848006,0.9431496
756.658,0.00484587,0.9431746
756.9913,0.004843737,0.9431996
757.3246,0.004841605,0.9432247
757.6579,0.004839475,0.9432496
757.9912,0.004837347,0.9432746
758.3245,0.004835221,0.9432995
758.6578,0.004833096,0.9433244
758.9911,0.004830974,0.9433493
759.3245,0.004828853,0.9433742
759.6578,0.004826734,0.943399
759.9911,0.004824617,0.9434239
760.3244,0.004822502,0.9434487
760.6577,0.004820389,0.9434734
760.991,0.004818278,0.9434982
761.3243,0.004816168,0.9435229
761.6577,0.004814061,0.9435476
761.991,0.004811955,0.9435723
762.3243,0.004809851,0.943597
762.6576,0.004807749,0.9436216
762.9909,0.004805649,0.9436463
763.3242,0.00480355,0.9436709
763.6575,0.004801454,0.9436955
763.9908,0.004799359,0.94372
764.3242,0.004797266,0.9437446
764.6575,0.004795175,0.9437691
764.9908,0.004793086,0.9437936
765.3241,0.004790998,0.9438181
765.6574,0.004788912,0.9438425
765.9907,0.004786829,0.943867
766.324,0.004784747,0.9438914
766.6573,0.004782666,0.9439158
766.9907,0.004780588,0.9439402
767.324,0.004778511,0.9439645
767.6573,0.004776436,0.9439889
767.9906,0.004774363,0.9440132
768.3239,0.004772292,0.9440374
768.6572,0.004770223,0.9440617
768.9905,0.004768155,0.944086
769.3239,0.004766089,0.9441102
769.6572,0.004764026,0.9441344
769.9905,0.004761963,0.9441586
770.3238,0.004759903,0.9441828
770.6571,0.004757844,0.9442069
770.9904,0.004755787,0.944231
771.3237,0.004753732,0.9442551
771.657,0.004751679,0.9442792
771.9904,0.004749627,0.9443032
772.3237,0.004747577,0.9443272
772.657,0.004745529,0.9443513
772.9903,0.004743483,0.9443753
773.3236,0.004741438,0.9443992
773.6569,0.004739396,0.9444232
773.9902,0.004737355,0.9444472
774.3235,0.004735316,0.9444711
774.6569,0.004733278,0.944495
774.9902,0.004731242,0.9445188
775.3235,0.004729208,0.9445426
775.6568,0.004727176,0.9445665
775.9901,0.004725146,0.9445903
776.3234,0.004723117,0.9446141
776.6567,0.00472109,0.9446378
776.9901,0.004719065,0.9446616
777.3234,0.004717041,0.9446853
777.6567,0.004715019,0.9447091
777.99,0.004712999,0.9447327
778.3233,0.004710981,0.9447564
778.6566,0.004708964,0.9447801
778.9899,0.004706949,0.9448037
779.3232,0.004704936,0.9448273
779.6566,0.004702925,0.9448509
779.9899,0.004700915,0.9448745
780.3232,0.004698907,0.944898
780.6565,0.004696901,0.9449215
780.9898,0.004694896,0.944945
781.3231,0.004692893,0.9449685
781.6564,0.004690893,0.944992
781.9897,0.004688893,0.9450154
782.3231,0.004686895,0.9450389
782.6564,0.004684899,0.9450623
782.9897,0.004682905,0.9450856
783.323,0.004680912,0.945109
783.6563,0.004678921,0.9451324
783.9896,0.004676932,0.9451557
784.3229,0.004674945,0.945179
784.6563,0.004672959,0.9452023
784.9896,0.004670974,0.9452255
785.3229,0.004668992,0.9452488
785.6562,0.004667011,0.945272
785.9895,0.004665032,0.9452952
786.3228,0.004663055,0.9453184
786.6561,0.004661079,0.9453416
786.9894,0.004659105,0.9453647
787.3228,0.004657133,0.9453878
787.6561,0.004655161,0.945411
787.9894,0.004653193,0.9454341
788.3227,0.004651225,0.9454572
788.656,0.004649259,0.9454802
788.9893,0.004647295,0.9455032
789.3226,0.004645333,0.9455262
789.6559,0.004643372,0.9455492
789.9893,0.004641413,0.9455722
790.3226,0.004639455,0.9455951
790.6559,0.004637499,0.9456181
790.9892,0.004635545,0.945641
791.3225,0.004633593,0.9456639
791.6558,0.004631642,0.9456868
791.9891,0.004629693,0.9457096
792.3224,0.004627745,0.9457325
792.6558,0.004625799,0.9457553
792.9891,0.004623855,0.9457781
793.3224,0.004621912,0.9458009
793.6557,0.004619971,0.9458237
793.989,0.004618031,0.9458464
794.3223,0.004616094,0.9458691
794.6556,0.004614158,0.9458918
794.989,0.004612223,0.9459145
795.3223,0.00461029,0.9459372
795.6556,0.004608359,0.9459598
795.9889,0.004606429,0.9459825
796.3222,0.004604501,0.946005
796.6555,0.004602574,0.9460276
796.9888,0.00460065,0.9460502
797.3221,0.004598726,0.9460728
797.6555,0.004596805,0.9460953
797.9888,0.004594884,0.9461178
798.3221,0.004592966,0.9461403
798.6554,0.004591049,0.9461628
798.9887,0.004589134,0.9461852
799.322,0.00458722,0.9462077
799.6553,0.004585308,0.9462301
799.9886,0.004583398,0.9462525
800.322,0.004581489,0.9462749
800.6553,0.004579582,0.9462973
800.9886,0.004577676,0.9463196
801.3219,0.004575772,0.9463419
801.6552,0.00457387,0.9463643
801.9885,0.004571969,0.9463865
802.3218,0.004570069,0.9464088
802.6552,0.004568171,0.9464311
802.9885,0.004566275,0.9464533
803.3218,0.004564381,0.9464755
803.6551,0.004562487,0.9464977
803.9884,0.004560596,0.9465199
804.3217,0.004558706,0.9465421
804.655,0.004556817,0.9465642
804.9883,0.004554931,0.9465863
805.3217,0.004553046,0.9466084
805.655,0.004551162,0.9466305
805.9883,0.00454928,0.9466526
806.3216,0.004547399,0.9466746
806.6549,0.004545521,0.9466967
806.9882,0.004543643,0.9467187
807.3215,0.004541767,0.9467407
807.6548,0.004539893,0.9467627
807.9882,0.00453802,0.9467847
808.3215,0.004536149,0.9468066
808.6548,0.004534279,0.9468285
808.9881,0.004532411,0.9468504
809.3214,0.004530544,0.9468723
809.6547,0.004528679,0.9468942
809.988,0.004526815,0.946916
810.3214,0.004524953,0.9469379
810.6547,0.004523093,0.9469597
810.988,0.004521234,0.9469815
811.3213,0.004519376,0.9470032
811.6546,0.00451752,0.9470251
811.9879,0.004515666,0.9470468
812.3212,0.004513813,0.9470685
812.6545,0.004511962,0.9470902
812.9879,0.004510112,0.9471119
813.3212,0.004508264,0.9471336
813.6545,0.004506417,0.9471552
813.9878,0.004504572,0.9471769
814.3211,0.004502728,0.9471985
814.6544,0.004500885,0.9472201
814.9877,0.004499045,0.9472417
815.321,0.004497205,0.9472632
815.6544,0.004495368,0.9472848
815.9877,0.004493531,0.9473063
816.321,0.004491697,0.9473279
816.6543,0.004489863,0.9473494
816.9876,0.004488032,0.9473708
817.3209,0.004486201,0.9473923
817.6542,0.004484373,0.9474137
817.9875,0.004482545,0.9474352
818.3209,0.00448072,0.9474566
818.6542,0.004478895,0.947478
818.9875,0.004477073,0.9474993
819.3208,0.004475251,0.9475207
819.6541,0.004473431,0.9475421
819.9874,0.004471613,0.9475634
820.3207,0.004469796,0.9475847
820.6541,0.00446798,0.947606
820.9874,0.004466167,0.9476272
821.3207,0.004464354,0.9476485
821.654,0.004462543,0.9476697
821.9873,0.004460733,0.947691
822.3206,0.004458925,0.9477121
822.6539,0.004457119,0.9477333
822.9872,0.004455314,0.9477545
823.3206,0.00445351,0.9477757
823.6539,0.004451707,0.9477968
823.9872,0.004449907,0.9478179
824.3205,0.004448107,0.947839
824.6538,0.00444631,0.9478601
824.9871,0.004444513,0.9478812
825.3204,0.004442718,0.9479022
825.6537,0.004440925,0.9479232
825.9871,0.004439133,0.9479442
826.3204,0.004437342,0.9479653
826.6537,0.004435553,0.9479862
826.987,0.004433765,0.9480072
827.3203,0.004431979,0.9480281
827.6536,0.004430194,0.9480491
827.9869,0.004428411,0.94807
828.3203,0.004426629,0.9480909
828.6536,0.004424848,0.9481118
828.9869,0.004423069,0.9481326
829.3202,0.004421291,0.9481535
829.6535,0.004419515,0.9481743
829.9868,0.00441774,0.9481951
830.3201,0.004415967,0.9482159
830.6534,0.004414195,0.9482367
830.9868,0.004412424,0.9482574
831.3201,0.004410655,0.9482782
831.6534,0.004408888,0.9482989
831.9867,0.004407121,0.9483196
832.32,0.004405356,0.9483404
832.6533,0.004403593,0.948361
832.9866,0.004401831,0.9483817
833.3199,0.00440007,0.9484023
833.6533,0.004398311,0.948423
833.9866,0.004396553,0.9484436
834.3199,0.004394797,0.9484642
834.6532,0.004393042,0.9484847
834.9865,0.004391288,0.9485053
835.3198,0.004389536,0.9485258
835.6531,0.004387785,0.9485464
835.9865,0.004386036,0.9485669
836.3198,0.004384288,0.9485874
836.6531,0.004382541,0.9486079
836.9864,0.004380796,0.9486284
837.3197,0.004379052,0.9486488
837.653,0.004377309,0.9486693
837.9863,0.004375568,0.9486896
838.3196,0.004373828,0.94871
838.653,0.00437209,0.9487304
838.9863,0.004370353,0.9487508
839.3196,0.004368618,0.9487712
839.6529,0.004366884,0.9487915
839.9862,0.00436515,0.9488118
840.3195,0.004363419,0.9488321
840.6528,0.004361689,0.9488524
840.9861,0.004359961,0.9488727
841.3195,0.004358233,0.948893
841.6528,0.004356507,0.9489132
841.9861,0.004354782,0.9489334
842.3194,0.004353059,0.9489536
842.6527,0.004351337,0.9489738
842.986,0.004349617,0.948994
843.3193,0.004347898,0.9490141
843.6526,0.00434618,0.9490343
843.986,0.004344463,0.9490544
844.3193,0.004342748,0.9490745
844.6526,0.004341035,0.9490946
844.9859,0.004339322,0.9491147
845.3192,0.004337612,0.9491348
845.6525,0.004335902,0.9491548
845.9858,0.004334194,0.9491748
846.3192,0.004332487,0.9491948
846.6525,0.004330781,0.9492149
846.9858,0.004329077,0.9492348
847.3191,0.004327374,0.9492548
847.6524,0.004325672,0.9492748
847.9857,0.004323972,0.9492947
848.319,0.004322273,0.9493146
848.6523,0.004320575,0.9493345
848.9857,0.004318879,0.9493544
849.319,0.004317184,0.9493743
849.6523,0.00431549,0.9493942
849.9856,0.004313798,0.949414
850.3189,0.004312107,0.9494338
850.6522,0.004310417,0.9494537
850.9855,0.004308729,0.9494734
851.3188,0.004307042,0.9494932
851.6522,0.004305357,0.949513
851.9855,0.004303672,0.9495327
852.3188,0.004301989,0.9495525
852.6521,0.004300307,0.9495722
852.9854,0.004298627,0.9495919
853.3187,0.004296948,0.9496116
853.652,0.00429527,0.9496313
853.9854,0.004293594,0.9496509
854.3187,0.004291919,0.9496706
854.652,0.004290245,0.9496902
854.9853,0.004288572,0.9497098
855.3186,0.004286901,0.9497294
855.6519,0.004285231,0.949749
855.9852,0.004283563,0.9497685
856.3185,0.004281895,0.9497881
856.6519,0.004280229,0.9498076
856.9852,0.004278564,0.9498272
857.3185,0.004276901,0.9498467
857.6518,0.004275239,0.9498662
857.9851,0.004273578,0.9498857
858.3184,0.004271918,0.9499051
858.6517,0.00427026,0.9499245
858.985,0.004268603,0.949944
859.3184,0.004266948,0.9499634
859.6517,0.004265293,0.9499828
859.985,0.00426364,0.9500022
860.3183,0.004261988,0.9500216
860.6516,0.004260337,0.9500409
860.9849,0.004258688,0.9500602
861.3182,0.00425704,0.9500796
861.6516,0.004255394,0.9500989
861.9849,0.004253748,0.9501182
862.3182,0.004252104,0.9501374
862.6515,0.004250461,0.9501567
862.9848,0.004248819,0.950176
863.3181,0.004247179,0.9501952
863.6514,0.00424554,0.9502144
863.9847,0.004243901,0.9502336
864.3181,0.004242265,0.9502528
864.6514,0.00424063,0.950272
864.9847,0.004238996,0.9502912
865.318,0.004237363,0.9503103
865.6513,0.004235731,0.9503294
865.9846,0.004234101,0.9503486
866.3179,0.004232472,0.9503677
866.6512,0.004230844,0.9503868
866.9846,0.004229217,0.9504058
867.3179,0.004227592,0.9504249
867.6512,0.004225968,0.9504439
867.9845,0.004224346,0.950463
868.3178,0.004222724,0.950482
868.6511,0.004221104,0.950501
868.9844,0.004219485,0.95052
869.3177,0.004217866,0.9505389
869.6511,0.00421625,0.9505579
869.9844,0.004214635,0.9505768
870.3177,0.004213021,0.9505958
870.651,0.004211408,0.9506147
870.9843,0.004209796,0.9506336
871.3176,0.004208186,0.9506525
871.6509,0.004206576,0.9506713
871.9843,0.004204968,0.9506902
872.3176,0.004203362,0.950709
872.6509,0.004201756,0.9507279
872.9842,0.004200152,0.9507467
873.3175,0.004198549,0.9507655
873.6508,0.004196947,0.9507843
873.9841,0.004195346,0.950803
874.3174,0.004193747,0.9508218
874.6508,0.004192149,0.9508405
874.9841,0.004190552,0.9508592
875.3174,0.004188956,0.950878
875.6507,0.004187362,0.9508967
875.984,0.004185768,0.9509153
876.3173,0.004184176,0.950934
876.6506,0.004182586,0.9509526
876.9839,0.004180996,0.9509713
877.3173,0.004179407,0.95099
877.6506,0.00417782,0.9510086
877.9839,0.004176234,0.9510272
878.3172,0.004174649,0.9510458
878.6505,0.004173066,0.9510643
878.9838,0.004171483,0.9510829
879.3171,0.004169902,0.9511014
879.6505,0.004168322,0.95112
879.9838,0.004166743,0.9511384
880.3171,0.004165166,0.951157
880.6504,0.004163589,0.9511755
880.9837,0.004162014,0.9511939
881.317,0.00416044,0.9512123
881.6503,0.004158867,0.9512308
881.9836,0.004157295,0.9512492
882.317,0.004155725,0.9512677
882.6503,0.004154155,0.9512861
882.9836,0.004152587,0.9513044
883.3169,0.00415102,0.9513228
883.6502,0.004149455,0.9513412
883.9835,0.00414789,0.9513595
884.3168,0.004146326,0.9513779
884.6501,0.004144764,0.9513962
884.9835,0.004143203,0.9514145
885.3168,0.004141643,0.9514328
885.6501,0.004140085,0.9514511
885.9834,0.004138527,0.9514693
886.3167,0.004136971,0.9514876
886.65,0.004135415,0.9515058
886.9833,0.004133862,0.951524
887.3167,0.004132309,0.9515423
887.65,0.004130757,0.9515604
887.9833,0.004129206,0.9515786
888.3166,0.004127657,0.9515968
888.6499,0.004126109,0.9516149
888.9832,0.004124562,0.9516331
889.3165,0.004123016,0.9516512
889.6498,0.004121471,0.9516693
889.9832,0.004119928,0.9516875
890.3165,0.004118385,0.9517055
890.6498,0.004116844,0.9517236
890.9831,0.004115304,0.9517416
891.3164,0.004113765,0.9517597
891.6497,0.004112227,0.9517778
891.983,0.004110691,0.9517958
892.3163,0.004109155,0.9518138
892.6497,0.004107621,0.9518318
892.983,0.004106088,0.9518497
893.3163,0.004104556,0.9518677
893.6496,0.004103024,0.9518856
893.9829,0.004101495,0.9519036
894.3162,0.004099966,0.9519215
894.6495,0.004098439,0.9519394
894.9828,0.004096912,0.9519573
895.3162,0.004095387,0.9519752
895.6495,0.004093863,0.951993
895.9828,0.00409234,0.9520109
896.3161,0.004090818,0.9520288
896.6494,0.004089298,0.9520466
896.9827,0.004087778,0.9520645
897.316,0.00408626,0.9520822
897.6494,0.004084742,0.9521
897.9827,0.004083226,0.9521178
898.316,0.004081711,0.9521356
898.6493,0.004080197,0.9521533
898.9826,0.004078684,0.9521711
899.3159,0.004077173,0.9521888
899.6492,0.004075662,0.9522065
899.9825,0.004074153,0.9522242
900.3159,0.004072644,0.9522419
900.6492,0.004071137,0.9522596
900.9825,0.004069631,0.9522772
901.3158,0.004068126,0.9522949
901.6491,0.004066622,0.9523125
901.9824,0.00406512,0.9523301
902.3157,0.004063618,0.9523478
902.649,0.004062117,0.9523653
902.9824,0.004060618,0.9523829
903.3157,0.00405912,0.9524005
903.649,0.004057623,0.952418
903.9823,0.004056126,0.9524356
904.3156,0.004054631,0.9524531
904.6489,0.004053137,0.9524707
904.9822,0.004051644,0.9524882
905.3156,0.004050153,0.9525056
905.6489,0.004048662,0.9525231
905.9822,0.004047173,0.9525406
906.3155,0.004045684,0.952558
906.6488,0.004044197,0.9525755
906.9821,0.004042711,0.9525929
907.3154,0.004041226,0.9526103
907.6487,0.004039742,0.9526277
907.9821,0.004038258,0.9526451
908.3154,0.004036777,0.9526625
908.6487,0.004035296,0.9526799
908.982,0.004033816,0.9526972
909.3153,0.004032338,0.9527146
909.6486,0.00403086,0.9527319
909.9819,0.004029383,0.9527492
910.3152,0.004027908,0.9527665
910.6486,0.004026434,0.9527838
910.9819,0.004024961,0.952801
911.3152,0.004023489,0.9528183
911.6485,0.004022018,0.9528356
911.9818,0.004020547,0.9528528
912.3151,0.004019079,0.95287
912.6484,0.004017611,0.9528872
912.9818,0.004016144,0.9529045
913.3151,0.004014678,0.9529216
913.6484,0.004013214,0.9529388
913.9817,0.00401175,0.952956
914.315,0.004010288,0.9529731
914.6483,0.004008826,0.9529903
914.9816,0.004007366,0.9530074
915.3149,0.004005907,0.9530245
915.6483,0.004004449,0.9530416
915.9816,0.004002991,0.9530587
916.3149,0.004001535,0.9530758
916.6482,0.00400008,0.9530928
916.9815,0.003998626,0.9531099
917.3148,0.003997173,0.9531269
917.6481,0.003995721,0.953144
917.9814,0.003994271,0.9531609
918.3148,0.003992821,0.9531779
918.6481,0.003991372,0.9531949
918.9814,0.003989924,0.9532119
919.3147,0.003988478,0.9532289
919.648,0.003987032,0.9532458
919.9813,0.003985588,0.9532627
920.3146,0.003984144,0.9532797
920.6479,0.003982702,0.9532966
920.9813,0.003981261,0.9533135
921.3146,0.00397982,0.9533304
921.6479,0.003978381,0.9533473
921.9812,0.003976943,0.9533641
922.3145,0.003975505,0.953381
922.6478,0.003974069,0.9533979
922.9811,0.003972634,0.9534147
923.3145,0.0039712,0.9534315
923.6478,0.003969767,0.9534483
923.9811,0.003968335,0.9534651
924.3144,0.003966904,0.9534819
924.6477,0.003965474,0.9534987
924.981,0.003964045,0.9535154
925.3143,0.003962617,0.9535322
925.6476,0.00396119,0.9535488
925.981,0.003959764,0.9535656
926.3143,0.003958339,0.9535823
926.6476,0.003956916,0.953599
926.9809,0.003955493,0.9536157
927.3142,0.003954071,0.9536324
927.6475,0.00395265,0.953649
927.9808,0.003951231,0.9536657
928.3141,0.003949812,0.9536823
928.6475,0.003948394,0.9536989
928.9808,0.003946978,0.9537156
929.3141,0.003945562,0.9537321
929.6474,0.003944147,0.9537487
929.9807,0.003942734,0.9537653
930.314,0.003941321,0.9537818
930.6473,0.003939909,0.9537984
930.9807,0.003938499,0.953815
931.314,0.003937089,0.9538315
931.6473,0.003935681,0.953848
931.9806,0.003934273,0.9538645
932.3139,0.003932867,0.953881
932.6472,0.003931461,0.9538975
932.9805,0.003930056,0.953914
933.3138,0.003928653,0.9539304
933.6472,0.00392725,0.9539469
933.9805,0.003925849,0.9539633
934.3138,0.003924449,0.9539797
934.6471,0.003923049,0.9539961
934.9804,0.00392165,0.9540125
935.3137,0.003920253,0.9540289
935.647,0.003918856,0.9540453
935.9803,0.003917461,0.9540617
936.3137,0.003916066,0.954078
936.647,0.003914672,0.9540944
936.9803,0.00391328,0.9541107
937.3136,0.003911889,0.954127
937.6469,0.003910498,0.9541433
937.9802,0.003909108,0.9541596
938.3135,0.00390772,0.9541759
938.6469,0.003906332,0.9541922
938.9802,0.003904945,0.9542084
939.3135,0.00390356,0.9542247
939.6468,0.003902175,0.9542409
939.9801,0.003900791,0.9542571
940.3134,0.003899409,0.9542733
940.6467,0.003898027,0.9542896
940.98,0.003896646,0.9543058
941.3134,0.003895266,0.9543219
941.6467,0.003893888,0.9543381
941.98,0.00389251,0.9543543
942.3133,0.003891133,0.9543704
942.6466,0.003889757,0.9543865
942.9799,0.003888382,0.9544027
943.3132,0.003887008,0.9544188
943.6465,0.003885635,0.9544349
943.9799,0.003884263,0.954451
944.3132,0.003882892,0.9544671
944.6465,0.003881522,0.9544831
944.9798,0.003880153,0.9544992
945.3131,0.003878785,0.9545152
945.6464,0.003877418,0.9545313
945.9797,0.003876052,0.9545472
946.313,0.003874686,0.9545633
946.6464,0.003873322,0.9545792
946.9797,0.003871959,0.9545953
947.313,0.003870596,0.9546112
947.6463,0.003869235,0.9546272
947.9796,0.003867875,0.9546431
948.3129,0.003866515,0.9546591
948.6462,0.003865157,0.954675
948.9796,0.003863799,0.9546909
949.3129,0.003862442,0.9547068
949.6462,0.003861087,0.9547228
949.9795,0.003859732,0.9547386
950.3128,0.003858378,0.9547545
950.6461,0.003857025,0.9547704
950.9794,0.003855674,0.9547862
951.3127,0.003854323,0.954802
951.6461,0.003852973,0.9548179
951.9794,0.003851624,0.9548337
952.3127,0.003850276,0.9548495
952.646,0.003848928,0.9548653
952.9793,0.003847582,0.9548811
953.3126,0.003846237,0.9548969
953.6459,0.003844893,0.9549127
953.9792,0.003843549,0.9549284
954.3126,0.003842207,0.9549441
954.6459,0.003840865,0.9549599
954.9792,0.003839525,0.9549756
955.3125,0.003838185,0.9549913
955.6458,0.003836846,0.955007
955.9791,0.003835509,0.9550227
956.3124,0.003834172,0.9550384
956.6458,0.003832836,0.955054
956.9791,0.003831501,0.9550697
957.3124,0.003830167,0.9550853
957.6457,0.003828834,0.955101
957.979,0.003827502,0.9551166
958.3123,0.00382617,0.9551322
958.6456,0.00382484,0.9551478
958.9789,0.003823511,0.9551634
959.3123,0.003822182,0.955179
959.6456,0.003820855,0.9551945
959.9789,0.003819528,0.9552101
960.3122,0.003818202,0.9552256
960.6455,0.003816877,0.9552411
960.9788,0.003815554,0.9552567
961.3121,0.003814231,0.9552722
961.6454,0.003812909,0.9552877
961.9788,0.003811588,0.9553032
962.3121,0.003810267,0.9553187
962.6454,0.003808948,0.9553341
962.9787,0.00380763,0.9553496
963.312,0.003806312,0.9553651
963.6453,0.003804996,0.9553805
963.9786,0.00380368,0.9553959
964.312,0.003802365,0.9554113
964.6453,0.003801052,0.9554268
964.9786,0.003799739,0.9554421
965.3119,0.003798427,0.9554575
965.6452,0.003797115,0.9554729
965.9785,0.003795805,0.9554883
966.3118,0.003794496,0.9555036
966.6451,0.003793187,0.955519
966.9785,0.00379188,0.9555343
967.3118,0.003790573,0.9555496
967.6451,0.003789268,0.9555649
967.9784,0.003787963,0.9555802
968.3117,0.003786659,0.9555955
968.645,0.003785356,0.9556108
968.9783,0.003784054,0.9556261
969.3116,0.003782753,0.9556413
969.645,0.003781452,0.9556566
969.9783,0.003780153,0.9556718
970.3116,0.003778854,0.955687
970.6449,0.003777557,0.9557022
970.9782,0.00377626,0.9557174
971.3115,0.003774964,0.9557326
971.6448,0.003773669,0.9557478
971.9781,0.003772375,0.955763
972.3115,0.003771082,0.9557782
972.6448,0.00376979,0.9557933
972.9781,0.003768498,0.9558085
973.3114,0.003767208,0.9558236
973.6447,0.003765918,0.9558387
973.978,0.003764629,0.9558539
974.3113,0.003763342,0.955869
974.6447,0.003762054,0.955884
974.978,0.003760768,0.9558991
975.3113,0.003759483,0.9559142
975.6446,0.003758199,0.9559293
975.9779,0.003756915,0.9559443
976.3112,0.003755633,0.9559594
976.6445,0.003754351,0.9559744
976.9778,0.00375307,0.9559894
977.3112,0.00375179,0.9560044
977.6445,0.003750511,0.9560194
977.9778,0.003749233,0.9560344
978.3111,0.003747955,0.9560494
978.6444,0.003746679,0.9560643
978.9777,0.003745403,0.9560793
979.311,0.003744128,0.9560943
979.6443,0.003742855,0.9561092
979.9777,0.003741581,0.9561241
980.311,0.003740309,0.956139
980.6443,0.003739038,0.9561539
980.9776,0.003737768,0.9561688
981.3109,0.003736498,0.9561837
981.6442,0.003735229,0.9561986
981.9775,0.003733961,0.9562135
982.3109,0.003732695,0.9562283
982.6442,0.003731428,0.9562432
982.9775,0.003730163,0.956258
983.3108,0.003728899,0.9562728
983.6441,0.003727635,0.9562877
983.9774,0.003726372,0.9563025
984.3107,0.003725111,0.9563172
984.644,0.00372385,0.9563321
984.9774,0.003722589,0.9563468
985.3107,0.00372133,0.9563616
985.644,0.003720072,0.9563764
985.9773,0.003718814,0.9563911
986.3106,0.003717557,0.9564058
986.6439,0.003716301,0.9564206
986.9772,0.003715046,0.9564353
987.3105,0.003713792,0.95645
987.6439,0.003712539,0.9564647
987.9772,0.003711286,0.9564794
988.3105,0.003710035,0.956494
988.6438,0.003708784,0.9565088
988.9771,0.003707534,0.9565234
989.3104,0.003706285,0.956538
989.6437,0.003705037,0.9565527
989.9771,0.003703789,0.9565673
990.3104,0.003702543,0.9565819
990.6437,0.003701297,0.9565966
990.977,0.003700052,0.9566111
991.3103,0.003698808,0.9566257
991.6436,0.003697565,0.9566403
991.9769,0.003696322,0.9566548
992.3102,0.003695081,0.9566694
992.6436,0.00369384,0.956684
992.9769,0.0036926,0.9566985
993.3102,0.003691361,0.956713
993.6435,0.003690123,0.9567276
993.9768,0.003688885,0.956742
994.3101,0.003687649,0.9567566
994.6434,0.003686413,0.9567711
994.9767,0.003685178,0.9567856
995.3101,0.003683944,0.9568
995.6434,0.00368271,0.9568145
995.9767,0.003681478,0.956829
996.31,0.003680246,0.9568434
996.6433,0.003679016,0.9568578
996.9766,0.003677786,0.9568722
997.3099,0.003676557,0.9568866
997.6432,0.003675328,0.9569011
997.9766,0.003674101,0.9569154
998.3099,0.003672874,0.9569298
998.6432,0.003671648,0.9569442
998.9765,0.003670423,0.9569586
999.3098,0.003669199,0.956973
999.6431,0.003667975,0.9569873
999.9764,0.003666753,0.9570016
1000.31,0.003665531,0.9570159
1000.643,0.00366431,0.9570302
1000.976,0.00366309,0.9570445
1001.31,0.00366187,0.9570588
1001.643,0.003660652,0.9570732
1001.976,0.003659434,0.9570875
1002.31,0.003658217,0.9571017
1002.643,0.003657001,0.9571159
1002.976,0.003655786,0.9571302
1003.31,0.003654571,0.9571444
1003.643,0.003653358,0.9571587
1003.976,0.003652145,0.9571729
1004.31,0.003650933,0.9571871
1004.643,0.003649721,0.9572013
1004.976,0.003648511,0.9572155
1005.309,0.003647301,0.9572297
1005.643,0.003646092,0.9572439
1005.976,0.003644884,0.957258
1006.309,0.003643677,0.9572722
1006.643,0.00364247,0.9572864
1006.976,0.003641265,0.9573005
1007.309,0.00364006,0.9573146
1007.643,0.003638856,0.9573287
1007.976,0.003637653,0.9573429
1008.309,0.00363645,0.9573569
1008.643,0.003635248,0.9573711
1008.976,0.003634047,0.9573851
1009.309,0.003632847,0.9573992
1009.643,0.003631648,0.9574133
1009.976,0.00363045,0.9574273
1010.309,0.003629252,0.9574414
1010.642,0.003628055,0.9574554
